sync,shape,restoreRequests,restoreBytes,storageBytes,uploadRequestsCumulative
1,whole-image,3,268435456,268435456,4
2,whole-image,null,null,536870912,8
3,whole-image,null,null,805306368,12
4,whole-image,null,null,1073741824,16
5,whole-image,null,null,1342177280,20
6,whole-image,null,null,1610612736,24
7,whole-image,null,null,1879048192,28
8,whole-image,null,null,2147483648,32
9,whole-image,null,null,2415919104,36
10,whole-image,3,268435456,2684354560,40
11,whole-image,null,null,2952790016,44
12,whole-image,null,null,3221225472,48
13,whole-image,null,null,3489660928,52
14,whole-image,null,null,3758096384,56
15,whole-image,null,null,4026531840,60
16,whole-image,null,null,4294967296,64
17,whole-image,null,null,4563402752,68
18,whole-image,null,null,4831838208,72
19,whole-image,null,null,5100273664,76
20,whole-image,null,null,5368709120,80
21,whole-image,null,null,5637144576,84
22,whole-image,null,null,5905580032,88
23,whole-image,null,null,6174015488,92
24,whole-image,null,null,6442450944,96
25,whole-image,null,null,6710886400,100
26,whole-image,null,null,6979321856,104
27,whole-image,null,null,7247757312,108
28,whole-image,null,null,7516192768,112
29,whole-image,null,null,7784628224,116
30,whole-image,null,null,8053063680,120
31,whole-image,null,null,8321499136,124
32,whole-image,null,null,8589934592,128
33,whole-image,null,null,8858370048,132
34,whole-image,null,null,9126805504,136
35,whole-image,null,null,9395240960,140
36,whole-image,null,null,9663676416,144
37,whole-image,null,null,9932111872,148
38,whole-image,null,null,10200547328,152
39,whole-image,null,null,10468982784,156
40,whole-image,null,null,10737418240,160
41,whole-image,null,null,11005853696,164
42,whole-image,null,null,11274289152,168
43,whole-image,null,null,11542724608,172
44,whole-image,null,null,11811160064,176
45,whole-image,null,null,12079595520,180
46,whole-image,null,null,12348030976,184
47,whole-image,null,null,12616466432,188
48,whole-image,null,null,12884901888,192
49,whole-image,null,null,13153337344,196
50,whole-image,null,null,13421772800,200
51,whole-image,null,null,13690208256,204
52,whole-image,null,null,13958643712,208
53,whole-image,null,null,14227079168,212
54,whole-image,null,null,14495514624,216
55,whole-image,null,null,14763950080,220
56,whole-image,null,null,15032385536,224
57,whole-image,null,null,15300820992,228
58,whole-image,null,null,15569256448,232
59,whole-image,null,null,15837691904,236
60,whole-image,null,null,16106127360,240
61,whole-image,null,null,16374562816,244
62,whole-image,null,null,16642998272,248
63,whole-image,null,null,16911433728,252
64,whole-image,null,null,17179869184,256
65,whole-image,null,null,17448304640,260
66,whole-image,null,null,17716740096,264
67,whole-image,null,null,17985175552,268
68,whole-image,null,null,18253611008,272
69,whole-image,null,null,18522046464,276
70,whole-image,null,null,18790481920,280
71,whole-image,null,null,19058917376,284
72,whole-image,null,null,19327352832,288
73,whole-image,null,null,19595788288,292
74,whole-image,null,null,19864223744,296
75,whole-image,null,null,20132659200,300
76,whole-image,null,null,20401094656,304
77,whole-image,null,null,20669530112,308
78,whole-image,null,null,20937965568,312
79,whole-image,null,null,21206401024,316
80,whole-image,null,null,21474836480,320
81,whole-image,null,null,21743271936,324
82,whole-image,null,null,22011707392,328
83,whole-image,null,null,22280142848,332
84,whole-image,null,null,22548578304,336
85,whole-image,null,null,22817013760,340
86,whole-image,null,null,23085449216,344
87,whole-image,null,null,23353884672,348
88,whole-image,null,null,23622320128,352
89,whole-image,null,null,23890755584,356
90,whole-image,null,null,24159191040,360
91,whole-image,null,null,24427626496,364
92,whole-image,null,null,24696061952,368
93,whole-image,null,null,24964497408,372
94,whole-image,null,null,25232932864,376
95,whole-image,null,null,25501368320,380
96,whole-image,null,null,25769803776,384
97,whole-image,null,null,26038239232,388
98,whole-image,null,null,26306674688,392
99,whole-image,null,null,26575110144,396
100,whole-image,3,268435456,26843545600,400
101,whole-image,null,null,27111981056,404
102,whole-image,null,null,27380416512,408
103,whole-image,null,null,27648851968,412
104,whole-image,null,null,27917287424,416
105,whole-image,null,null,28185722880,420
106,whole-image,null,null,28454158336,424
107,whole-image,null,null,28722593792,428
108,whole-image,null,null,28991029248,432
109,whole-image,null,null,29259464704,436
110,whole-image,null,null,29527900160,440
111,whole-image,null,null,29796335616,444
112,whole-image,null,null,30064771072,448
113,whole-image,null,null,30333206528,452
114,whole-image,null,null,30601641984,456
115,whole-image,null,null,30870077440,460
116,whole-image,null,null,31138512896,464
117,whole-image,null,null,31406948352,468
118,whole-image,null,null,31675383808,472
119,whole-image,null,null,31943819264,476
120,whole-image,null,null,32212254720,480
121,whole-image,null,null,32480690176,484
122,whole-image,null,null,32749125632,488
123,whole-image,null,null,33017561088,492
124,whole-image,null,null,33285996544,496
125,whole-image,null,null,33554432000,500
126,whole-image,null,null,33822867456,504
127,whole-image,null,null,34091302912,508
128,whole-image,null,null,34359738368,512
129,whole-image,null,null,34628173824,516
130,whole-image,null,null,34896609280,520
131,whole-image,null,null,35165044736,524
132,whole-image,null,null,35433480192,528
133,whole-image,null,null,35701915648,532
134,whole-image,null,null,35970351104,536
135,whole-image,null,null,36238786560,540
136,whole-image,null,null,36507222016,544
137,whole-image,null,null,36775657472,548
138,whole-image,null,null,37044092928,552
139,whole-image,null,null,37312528384,556
140,whole-image,null,null,37580963840,560
141,whole-image,null,null,37849399296,564
142,whole-image,null,null,38117834752,568
143,whole-image,null,null,38386270208,572
144,whole-image,null,null,38654705664,576
145,whole-image,null,null,38923141120,580
146,whole-image,null,null,39191576576,584
147,whole-image,null,null,39460012032,588
148,whole-image,null,null,39728447488,592
149,whole-image,null,null,39996882944,596
150,whole-image,null,null,40265318400,600
151,whole-image,null,null,40533753856,604
152,whole-image,null,null,40802189312,608
153,whole-image,null,null,41070624768,612
154,whole-image,null,null,41339060224,616
155,whole-image,null,null,41607495680,620
156,whole-image,null,null,41875931136,624
157,whole-image,null,null,42144366592,628
158,whole-image,null,null,42412802048,632
159,whole-image,null,null,42681237504,636
160,whole-image,null,null,42949672960,640
161,whole-image,null,null,43218108416,644
162,whole-image,null,null,43486543872,648
163,whole-image,null,null,43754979328,652
164,whole-image,null,null,44023414784,656
165,whole-image,null,null,44291850240,660
166,whole-image,null,null,44560285696,664
167,whole-image,null,null,44828721152,668
168,whole-image,null,null,45097156608,672
169,whole-image,null,null,45365592064,676
170,whole-image,null,null,45634027520,680
171,whole-image,null,null,45902462976,684
172,whole-image,null,null,46170898432,688
173,whole-image,null,null,46439333888,692
174,whole-image,null,null,46707769344,696
175,whole-image,null,null,46976204800,700
176,whole-image,null,null,47244640256,704
177,whole-image,null,null,47513075712,708
178,whole-image,null,null,47781511168,712
179,whole-image,null,null,48049946624,716
180,whole-image,null,null,48318382080,720
181,whole-image,null,null,48586817536,724
182,whole-image,null,null,48855252992,728
183,whole-image,null,null,49123688448,732
184,whole-image,null,null,49392123904,736
185,whole-image,null,null,49660559360,740
186,whole-image,null,null,49928994816,744
187,whole-image,null,null,50197430272,748
188,whole-image,null,null,50465865728,752
189,whole-image,null,null,50734301184,756
190,whole-image,null,null,51002736640,760
191,whole-image,null,null,51271172096,764
192,whole-image,null,null,51539607552,768
193,whole-image,null,null,51808043008,772
194,whole-image,null,null,52076478464,776
195,whole-image,null,null,52344913920,780
196,whole-image,null,null,52613349376,784
197,whole-image,null,null,52881784832,788
198,whole-image,null,null,53150220288,792
199,whole-image,null,null,53418655744,796
200,whole-image,null,null,53687091200,800
201,whole-image,null,null,53955526656,804
202,whole-image,null,null,54223962112,808
203,whole-image,null,null,54492397568,812
204,whole-image,null,null,54760833024,816
205,whole-image,null,null,55029268480,820
206,whole-image,null,null,55297703936,824
207,whole-image,null,null,55566139392,828
208,whole-image,null,null,55834574848,832
209,whole-image,null,null,56103010304,836
210,whole-image,null,null,56371445760,840
211,whole-image,null,null,56639881216,844
212,whole-image,null,null,56908316672,848
213,whole-image,null,null,57176752128,852
214,whole-image,null,null,57445187584,856
215,whole-image,null,null,57713623040,860
216,whole-image,null,null,57982058496,864
217,whole-image,null,null,58250493952,868
218,whole-image,null,null,58518929408,872
219,whole-image,null,null,58787364864,876
220,whole-image,null,null,59055800320,880
221,whole-image,null,null,59324235776,884
222,whole-image,null,null,59592671232,888
223,whole-image,null,null,59861106688,892
224,whole-image,null,null,60129542144,896
225,whole-image,null,null,60397977600,900
226,whole-image,null,null,60666413056,904
227,whole-image,null,null,60934848512,908
228,whole-image,null,null,61203283968,912
229,whole-image,null,null,61471719424,916
230,whole-image,null,null,61740154880,920
231,whole-image,null,null,62008590336,924
232,whole-image,null,null,62277025792,928
233,whole-image,null,null,62545461248,932
234,whole-image,null,null,62813896704,936
235,whole-image,null,null,63082332160,940
236,whole-image,null,null,63350767616,944
237,whole-image,null,null,63619203072,948
238,whole-image,null,null,63887638528,952
239,whole-image,null,null,64156073984,956
240,whole-image,null,null,64424509440,960
241,whole-image,null,null,64692944896,964
242,whole-image,null,null,64961380352,968
243,whole-image,null,null,65229815808,972
244,whole-image,null,null,65498251264,976
245,whole-image,null,null,65766686720,980
246,whole-image,null,null,66035122176,984
247,whole-image,null,null,66303557632,988
248,whole-image,null,null,66571993088,992
249,whole-image,null,null,66840428544,996
250,whole-image,null,null,67108864000,1000
251,whole-image,null,null,67377299456,1004
252,whole-image,null,null,67645734912,1008
253,whole-image,null,null,67914170368,1012
254,whole-image,null,null,68182605824,1016
255,whole-image,null,null,68451041280,1020
256,whole-image,null,null,68719476736,1024
257,whole-image,null,null,68987912192,1028
258,whole-image,null,null,69256347648,1032
259,whole-image,null,null,69524783104,1036
260,whole-image,null,null,69793218560,1040
261,whole-image,null,null,70061654016,1044
262,whole-image,null,null,70330089472,1048
263,whole-image,null,null,70598524928,1052
264,whole-image,null,null,70866960384,1056
265,whole-image,null,null,71135395840,1060
266,whole-image,null,null,71403831296,1064
267,whole-image,null,null,71672266752,1068
268,whole-image,null,null,71940702208,1072
269,whole-image,null,null,72209137664,1076
270,whole-image,null,null,72477573120,1080
271,whole-image,null,null,72746008576,1084
272,whole-image,null,null,73014444032,1088
273,whole-image,null,null,73282879488,1092
274,whole-image,null,null,73551314944,1096
275,whole-image,null,null,73819750400,1100
276,whole-image,null,null,74088185856,1104
277,whole-image,null,null,74356621312,1108
278,whole-image,null,null,74625056768,1112
279,whole-image,null,null,74893492224,1116
280,whole-image,null,null,75161927680,1120
281,whole-image,null,null,75430363136,1124
282,whole-image,null,null,75698798592,1128
283,whole-image,null,null,75967234048,1132
284,whole-image,null,null,76235669504,1136
285,whole-image,null,null,76504104960,1140
286,whole-image,null,null,76772540416,1144
287,whole-image,null,null,77040975872,1148
288,whole-image,null,null,77309411328,1152
289,whole-image,null,null,77577846784,1156
290,whole-image,null,null,77846282240,1160
291,whole-image,null,null,78114717696,1164
292,whole-image,null,null,78383153152,1168
293,whole-image,null,null,78651588608,1172
294,whole-image,null,null,78920024064,1176
295,whole-image,null,null,79188459520,1180
296,whole-image,null,null,79456894976,1184
297,whole-image,null,null,79725330432,1188
298,whole-image,null,null,79993765888,1192
299,whole-image,null,null,80262201344,1196
300,whole-image,null,null,80530636800,1200
301,whole-image,null,null,80799072256,1204
302,whole-image,null,null,81067507712,1208
303,whole-image,null,null,81335943168,1212
304,whole-image,null,null,81604378624,1216
305,whole-image,null,null,81872814080,1220
306,whole-image,null,null,82141249536,1224
307,whole-image,null,null,82409684992,1228
308,whole-image,null,null,82678120448,1232
309,whole-image,null,null,82946555904,1236
310,whole-image,null,null,83214991360,1240
311,whole-image,null,null,83483426816,1244
312,whole-image,null,null,83751862272,1248
313,whole-image,null,null,84020297728,1252
314,whole-image,null,null,84288733184,1256
315,whole-image,null,null,84557168640,1260
316,whole-image,null,null,84825604096,1264
317,whole-image,null,null,85094039552,1268
318,whole-image,null,null,85362475008,1272
319,whole-image,null,null,85630910464,1276
320,whole-image,null,null,85899345920,1280
321,whole-image,null,null,86167781376,1284
322,whole-image,null,null,86436216832,1288
323,whole-image,null,null,86704652288,1292
324,whole-image,null,null,86973087744,1296
325,whole-image,null,null,87241523200,1300
326,whole-image,null,null,87509958656,1304
327,whole-image,null,null,87778394112,1308
328,whole-image,null,null,88046829568,1312
329,whole-image,null,null,88315265024,1316
330,whole-image,null,null,88583700480,1320
331,whole-image,null,null,88852135936,1324
332,whole-image,null,null,89120571392,1328
333,whole-image,null,null,89389006848,1332
334,whole-image,null,null,89657442304,1336
335,whole-image,null,null,89925877760,1340
336,whole-image,null,null,90194313216,1344
337,whole-image,null,null,90462748672,1348
338,whole-image,null,null,90731184128,1352
339,whole-image,null,null,90999619584,1356
340,whole-image,null,null,91268055040,1360
341,whole-image,null,null,91536490496,1364
342,whole-image,null,null,91804925952,1368
343,whole-image,null,null,92073361408,1372
344,whole-image,null,null,92341796864,1376
345,whole-image,null,null,92610232320,1380
346,whole-image,null,null,92878667776,1384
347,whole-image,null,null,93147103232,1388
348,whole-image,null,null,93415538688,1392
349,whole-image,null,null,93683974144,1396
350,whole-image,null,null,93952409600,1400
351,whole-image,null,null,94220845056,1404
352,whole-image,null,null,94489280512,1408
353,whole-image,null,null,94757715968,1412
354,whole-image,null,null,95026151424,1416
355,whole-image,null,null,95294586880,1420
356,whole-image,null,null,95563022336,1424
357,whole-image,null,null,95831457792,1428
358,whole-image,null,null,96099893248,1432
359,whole-image,null,null,96368328704,1436
360,whole-image,null,null,96636764160,1440
361,whole-image,null,null,96905199616,1444
362,whole-image,null,null,97173635072,1448
363,whole-image,null,null,97442070528,1452
364,whole-image,null,null,97710505984,1456
365,whole-image,null,null,97978941440,1460
366,whole-image,null,null,98247376896,1464
367,whole-image,null,null,98515812352,1468
368,whole-image,null,null,98784247808,1472
369,whole-image,null,null,99052683264,1476
370,whole-image,null,null,99321118720,1480
371,whole-image,null,null,99589554176,1484
372,whole-image,null,null,99857989632,1488
373,whole-image,null,null,100126425088,1492
374,whole-image,null,null,100394860544,1496
375,whole-image,null,null,100663296000,1500
376,whole-image,null,null,100931731456,1504
377,whole-image,null,null,101200166912,1508
378,whole-image,null,null,101468602368,1512
379,whole-image,null,null,101737037824,1516
380,whole-image,null,null,102005473280,1520
381,whole-image,null,null,102273908736,1524
382,whole-image,null,null,102542344192,1528
383,whole-image,null,null,102810779648,1532
384,whole-image,null,null,103079215104,1536
385,whole-image,null,null,103347650560,1540
386,whole-image,null,null,103616086016,1544
387,whole-image,null,null,103884521472,1548
388,whole-image,null,null,104152956928,1552
389,whole-image,null,null,104421392384,1556
390,whole-image,null,null,104689827840,1560
391,whole-image,null,null,104958263296,1564
392,whole-image,null,null,105226698752,1568
393,whole-image,null,null,105495134208,1572
394,whole-image,null,null,105763569664,1576
395,whole-image,null,null,106032005120,1580
396,whole-image,null,null,106300440576,1584
397,whole-image,null,null,106568876032,1588
398,whole-image,null,null,106837311488,1592
399,whole-image,null,null,107105746944,1596
400,whole-image,null,null,107374182400,1600
401,whole-image,null,null,107642617856,1604
402,whole-image,null,null,107911053312,1608
403,whole-image,null,null,108179488768,1612
404,whole-image,null,null,108447924224,1616
405,whole-image,null,null,108716359680,1620
406,whole-image,null,null,108984795136,1624
407,whole-image,null,null,109253230592,1628
408,whole-image,null,null,109521666048,1632
409,whole-image,null,null,109790101504,1636
410,whole-image,null,null,110058536960,1640
411,whole-image,null,null,110326972416,1644
412,whole-image,null,null,110595407872,1648
413,whole-image,null,null,110863843328,1652
414,whole-image,null,null,111132278784,1656
415,whole-image,null,null,111400714240,1660
416,whole-image,null,null,111669149696,1664
417,whole-image,null,null,111937585152,1668
418,whole-image,null,null,112206020608,1672
419,whole-image,null,null,112474456064,1676
420,whole-image,null,null,112742891520,1680
421,whole-image,null,null,113011326976,1684
422,whole-image,null,null,113279762432,1688
423,whole-image,null,null,113548197888,1692
424,whole-image,null,null,113816633344,1696
425,whole-image,null,null,114085068800,1700
426,whole-image,null,null,114353504256,1704
427,whole-image,null,null,114621939712,1708
428,whole-image,null,null,114890375168,1712
429,whole-image,null,null,115158810624,1716
430,whole-image,null,null,115427246080,1720
431,whole-image,null,null,115695681536,1724
432,whole-image,null,null,115964116992,1728
433,whole-image,null,null,116232552448,1732
434,whole-image,null,null,116500987904,1736
435,whole-image,null,null,116769423360,1740
436,whole-image,null,null,117037858816,1744
437,whole-image,null,null,117306294272,1748
438,whole-image,null,null,117574729728,1752
439,whole-image,null,null,117843165184,1756
440,whole-image,null,null,118111600640,1760
441,whole-image,null,null,118380036096,1764
442,whole-image,null,null,118648471552,1768
443,whole-image,null,null,118916907008,1772
444,whole-image,null,null,119185342464,1776
445,whole-image,null,null,119453777920,1780
446,whole-image,null,null,119722213376,1784
447,whole-image,null,null,119990648832,1788
448,whole-image,null,null,120259084288,1792
449,whole-image,null,null,120527519744,1796
450,whole-image,null,null,120795955200,1800
451,whole-image,null,null,121064390656,1804
452,whole-image,null,null,121332826112,1808
453,whole-image,null,null,121601261568,1812
454,whole-image,null,null,121869697024,1816
455,whole-image,null,null,122138132480,1820
456,whole-image,null,null,122406567936,1824
457,whole-image,null,null,122675003392,1828
458,whole-image,null,null,122943438848,1832
459,whole-image,null,null,123211874304,1836
460,whole-image,null,null,123480309760,1840
461,whole-image,null,null,123748745216,1844
462,whole-image,null,null,124017180672,1848
463,whole-image,null,null,124285616128,1852
464,whole-image,null,null,124554051584,1856
465,whole-image,null,null,124822487040,1860
466,whole-image,null,null,125090922496,1864
467,whole-image,null,null,125359357952,1868
468,whole-image,null,null,125627793408,1872
469,whole-image,null,null,125896228864,1876
470,whole-image,null,null,126164664320,1880
471,whole-image,null,null,126433099776,1884
472,whole-image,null,null,126701535232,1888
473,whole-image,null,null,126969970688,1892
474,whole-image,null,null,127238406144,1896
475,whole-image,null,null,127506841600,1900
476,whole-image,null,null,127775277056,1904
477,whole-image,null,null,128043712512,1908
478,whole-image,null,null,128312147968,1912
479,whole-image,null,null,128580583424,1916
480,whole-image,null,null,128849018880,1920
481,whole-image,null,null,129117454336,1924
482,whole-image,null,null,129385889792,1928
483,whole-image,null,null,129654325248,1932
484,whole-image,null,null,129922760704,1936
485,whole-image,null,null,130191196160,1940
486,whole-image,null,null,130459631616,1944
487,whole-image,null,null,130728067072,1948
488,whole-image,null,null,130996502528,1952
489,whole-image,null,null,131264937984,1956
490,whole-image,null,null,131533373440,1960
491,whole-image,null,null,131801808896,1964
492,whole-image,null,null,132070244352,1968
493,whole-image,null,null,132338679808,1972
494,whole-image,null,null,132607115264,1976
495,whole-image,null,null,132875550720,1980
496,whole-image,null,null,133143986176,1984
497,whole-image,null,null,133412421632,1988
498,whole-image,null,null,133680857088,1992
499,whole-image,null,null,133949292544,1996
500,whole-image,3,268435456,134217728000,2000
501,whole-image,null,null,134486163456,2004
502,whole-image,null,null,134754598912,2008
503,whole-image,null,null,135023034368,2012
504,whole-image,null,null,135291469824,2016
505,whole-image,null,null,135559905280,2020
506,whole-image,null,null,135828340736,2024
507,whole-image,null,null,136096776192,2028
508,whole-image,null,null,136365211648,2032
509,whole-image,null,null,136633647104,2036
510,whole-image,null,null,136902082560,2040
511,whole-image,null,null,137170518016,2044
512,whole-image,null,null,137438953472,2048
513,whole-image,null,null,137707388928,2052
514,whole-image,null,null,137975824384,2056
515,whole-image,null,null,138244259840,2060
516,whole-image,null,null,138512695296,2064
517,whole-image,null,null,138781130752,2068
518,whole-image,null,null,139049566208,2072
519,whole-image,null,null,139318001664,2076
520,whole-image,null,null,139586437120,2080
521,whole-image,null,null,139854872576,2084
522,whole-image,null,null,140123308032,2088
523,whole-image,null,null,140391743488,2092
524,whole-image,null,null,140660178944,2096
525,whole-image,null,null,140928614400,2100
526,whole-image,null,null,141197049856,2104
527,whole-image,null,null,141465485312,2108
528,whole-image,null,null,141733920768,2112
529,whole-image,null,null,142002356224,2116
530,whole-image,null,null,142270791680,2120
531,whole-image,null,null,142539227136,2124
532,whole-image,null,null,142807662592,2128
533,whole-image,null,null,143076098048,2132
534,whole-image,null,null,143344533504,2136
535,whole-image,null,null,143612968960,2140
536,whole-image,null,null,143881404416,2144
537,whole-image,null,null,144149839872,2148
538,whole-image,null,null,144418275328,2152
539,whole-image,null,null,144686710784,2156
540,whole-image,null,null,144955146240,2160
541,whole-image,null,null,145223581696,2164
542,whole-image,null,null,145492017152,2168
543,whole-image,null,null,145760452608,2172
544,whole-image,null,null,146028888064,2176
545,whole-image,null,null,146297323520,2180
546,whole-image,null,null,146565758976,2184
547,whole-image,null,null,146834194432,2188
548,whole-image,null,null,147102629888,2192
549,whole-image,null,null,147371065344,2196
550,whole-image,null,null,147639500800,2200
551,whole-image,null,null,147907936256,2204
552,whole-image,null,null,148176371712,2208
553,whole-image,null,null,148444807168,2212
554,whole-image,null,null,148713242624,2216
555,whole-image,null,null,148981678080,2220
556,whole-image,null,null,149250113536,2224
557,whole-image,null,null,149518548992,2228
558,whole-image,null,null,149786984448,2232
559,whole-image,null,null,150055419904,2236
560,whole-image,null,null,150323855360,2240
561,whole-image,null,null,150592290816,2244
562,whole-image,null,null,150860726272,2248
563,whole-image,null,null,151129161728,2252
564,whole-image,null,null,151397597184,2256
565,whole-image,null,null,151666032640,2260
566,whole-image,null,null,151934468096,2264
567,whole-image,null,null,152202903552,2268
568,whole-image,null,null,152471339008,2272
569,whole-image,null,null,152739774464,2276
570,whole-image,null,null,153008209920,2280
571,whole-image,null,null,153276645376,2284
572,whole-image,null,null,153545080832,2288
573,whole-image,null,null,153813516288,2292
574,whole-image,null,null,154081951744,2296
575,whole-image,null,null,154350387200,2300
576,whole-image,null,null,154618822656,2304
577,whole-image,null,null,154887258112,2308
578,whole-image,null,null,155155693568,2312
579,whole-image,null,null,155424129024,2316
580,whole-image,null,null,155692564480,2320
581,whole-image,null,null,155960999936,2324
582,whole-image,null,null,156229435392,2328
583,whole-image,null,null,156497870848,2332
584,whole-image,null,null,156766306304,2336
585,whole-image,null,null,157034741760,2340
586,whole-image,null,null,157303177216,2344
587,whole-image,null,null,157571612672,2348
588,whole-image,null,null,157840048128,2352
589,whole-image,null,null,158108483584,2356
590,whole-image,null,null,158376919040,2360
591,whole-image,null,null,158645354496,2364
592,whole-image,null,null,158913789952,2368
593,whole-image,null,null,159182225408,2372
594,whole-image,null,null,159450660864,2376
595,whole-image,null,null,159719096320,2380
596,whole-image,null,null,159987531776,2384
597,whole-image,null,null,160255967232,2388
598,whole-image,null,null,160524402688,2392
599,whole-image,null,null,160792838144,2396
600,whole-image,null,null,161061273600,2400
601,whole-image,null,null,161329709056,2404
602,whole-image,null,null,161598144512,2408
603,whole-image,null,null,161866579968,2412
604,whole-image,null,null,162135015424,2416
605,whole-image,null,null,162403450880,2420
606,whole-image,null,null,162671886336,2424
607,whole-image,null,null,162940321792,2428
608,whole-image,null,null,163208757248,2432
609,whole-image,null,null,163477192704,2436
610,whole-image,null,null,163745628160,2440
611,whole-image,null,null,164014063616,2444
612,whole-image,null,null,164282499072,2448
613,whole-image,null,null,164550934528,2452
614,whole-image,null,null,164819369984,2456
615,whole-image,null,null,165087805440,2460
616,whole-image,null,null,165356240896,2464
617,whole-image,null,null,165624676352,2468
618,whole-image,null,null,165893111808,2472
619,whole-image,null,null,166161547264,2476
620,whole-image,null,null,166429982720,2480
621,whole-image,null,null,166698418176,2484
622,whole-image,null,null,166966853632,2488
623,whole-image,null,null,167235289088,2492
624,whole-image,null,null,167503724544,2496
625,whole-image,null,null,167772160000,2500
626,whole-image,null,null,168040595456,2504
627,whole-image,null,null,168309030912,2508
628,whole-image,null,null,168577466368,2512
629,whole-image,null,null,168845901824,2516
630,whole-image,null,null,169114337280,2520
631,whole-image,null,null,169382772736,2524
632,whole-image,null,null,169651208192,2528
633,whole-image,null,null,169919643648,2532
634,whole-image,null,null,170188079104,2536
635,whole-image,null,null,170456514560,2540
636,whole-image,null,null,170724950016,2544
637,whole-image,null,null,170993385472,2548
638,whole-image,null,null,171261820928,2552
639,whole-image,null,null,171530256384,2556
640,whole-image,null,null,171798691840,2560
641,whole-image,null,null,172067127296,2564
642,whole-image,null,null,172335562752,2568
643,whole-image,null,null,172603998208,2572
644,whole-image,null,null,172872433664,2576
645,whole-image,null,null,173140869120,2580
646,whole-image,null,null,173409304576,2584
647,whole-image,null,null,173677740032,2588
648,whole-image,null,null,173946175488,2592
649,whole-image,null,null,174214610944,2596
650,whole-image,null,null,174483046400,2600
651,whole-image,null,null,174751481856,2604
652,whole-image,null,null,175019917312,2608
653,whole-image,null,null,175288352768,2612
654,whole-image,null,null,175556788224,2616
655,whole-image,null,null,175825223680,2620
656,whole-image,null,null,176093659136,2624
657,whole-image,null,null,176362094592,2628
658,whole-image,null,null,176630530048,2632
659,whole-image,null,null,176898965504,2636
660,whole-image,null,null,177167400960,2640
661,whole-image,null,null,177435836416,2644
662,whole-image,null,null,177704271872,2648
663,whole-image,null,null,177972707328,2652
664,whole-image,null,null,178241142784,2656
665,whole-image,null,null,178509578240,2660
666,whole-image,null,null,178778013696,2664
667,whole-image,null,null,179046449152,2668
668,whole-image,null,null,179314884608,2672
669,whole-image,null,null,179583320064,2676
670,whole-image,null,null,179851755520,2680
671,whole-image,null,null,180120190976,2684
672,whole-image,null,null,180388626432,2688
673,whole-image,null,null,180657061888,2692
674,whole-image,null,null,180925497344,2696
675,whole-image,null,null,181193932800,2700
676,whole-image,null,null,181462368256,2704
677,whole-image,null,null,181730803712,2708
678,whole-image,null,null,181999239168,2712
679,whole-image,null,null,182267674624,2716
680,whole-image,null,null,182536110080,2720
681,whole-image,null,null,182804545536,2724
682,whole-image,null,null,183072980992,2728
683,whole-image,null,null,183341416448,2732
684,whole-image,null,null,183609851904,2736
685,whole-image,null,null,183878287360,2740
686,whole-image,null,null,184146722816,2744
687,whole-image,null,null,184415158272,2748
688,whole-image,null,null,184683593728,2752
689,whole-image,null,null,184952029184,2756
690,whole-image,null,null,185220464640,2760
691,whole-image,null,null,185488900096,2764
692,whole-image,null,null,185757335552,2768
693,whole-image,null,null,186025771008,2772
694,whole-image,null,null,186294206464,2776
695,whole-image,null,null,186562641920,2780
696,whole-image,null,null,186831077376,2784
697,whole-image,null,null,187099512832,2788
698,whole-image,null,null,187367948288,2792
699,whole-image,null,null,187636383744,2796
700,whole-image,null,null,187904819200,2800
701,whole-image,null,null,188173254656,2804
702,whole-image,null,null,188441690112,2808
703,whole-image,null,null,188710125568,2812
704,whole-image,null,null,188978561024,2816
705,whole-image,null,null,189246996480,2820
706,whole-image,null,null,189515431936,2824
707,whole-image,null,null,189783867392,2828
708,whole-image,null,null,190052302848,2832
709,whole-image,null,null,190320738304,2836
710,whole-image,null,null,190589173760,2840
711,whole-image,null,null,190857609216,2844
712,whole-image,null,null,191126044672,2848
713,whole-image,null,null,191394480128,2852
714,whole-image,null,null,191662915584,2856
715,whole-image,null,null,191931351040,2860
716,whole-image,null,null,192199786496,2864
717,whole-image,null,null,192468221952,2868
718,whole-image,null,null,192736657408,2872
719,whole-image,null,null,193005092864,2876
720,whole-image,null,null,193273528320,2880
721,whole-image,null,null,193541963776,2884
722,whole-image,null,null,193810399232,2888
723,whole-image,null,null,194078834688,2892
724,whole-image,null,null,194347270144,2896
725,whole-image,null,null,194615705600,2900
726,whole-image,null,null,194884141056,2904
727,whole-image,null,null,195152576512,2908
728,whole-image,null,null,195421011968,2912
729,whole-image,null,null,195689447424,2916
730,whole-image,null,null,195957882880,2920
731,whole-image,null,null,196226318336,2924
732,whole-image,null,null,196494753792,2928
733,whole-image,null,null,196763189248,2932
734,whole-image,null,null,197031624704,2936
735,whole-image,null,null,197300060160,2940
736,whole-image,null,null,197568495616,2944
737,whole-image,null,null,197836931072,2948
738,whole-image,null,null,198105366528,2952
739,whole-image,null,null,198373801984,2956
740,whole-image,null,null,198642237440,2960
741,whole-image,null,null,198910672896,2964
742,whole-image,null,null,199179108352,2968
743,whole-image,null,null,199447543808,2972
744,whole-image,null,null,199715979264,2976
745,whole-image,null,null,199984414720,2980
746,whole-image,null,null,200252850176,2984
747,whole-image,null,null,200521285632,2988
748,whole-image,null,null,200789721088,2992
749,whole-image,null,null,201058156544,2996
750,whole-image,3,268435456,201326592000,3000
751,whole-image,null,null,201595027456,3004
752,whole-image,null,null,201863462912,3008
753,whole-image,null,null,202131898368,3012
754,whole-image,null,null,202400333824,3016
755,whole-image,null,null,202668769280,3020
756,whole-image,null,null,202937204736,3024
757,whole-image,null,null,203205640192,3028
758,whole-image,null,null,203474075648,3032
759,whole-image,null,null,203742511104,3036
760,whole-image,null,null,204010946560,3040
761,whole-image,null,null,204279382016,3044
762,whole-image,null,null,204547817472,3048
763,whole-image,null,null,204816252928,3052
764,whole-image,null,null,205084688384,3056
765,whole-image,null,null,205353123840,3060
766,whole-image,null,null,205621559296,3064
767,whole-image,null,null,205889994752,3068
768,whole-image,null,null,206158430208,3072
769,whole-image,null,null,206426865664,3076
770,whole-image,null,null,206695301120,3080
771,whole-image,null,null,206963736576,3084
772,whole-image,null,null,207232172032,3088
773,whole-image,null,null,207500607488,3092
774,whole-image,null,null,207769042944,3096
775,whole-image,null,null,208037478400,3100
776,whole-image,null,null,208305913856,3104
777,whole-image,null,null,208574349312,3108
778,whole-image,null,null,208842784768,3112
779,whole-image,null,null,209111220224,3116
780,whole-image,null,null,209379655680,3120
781,whole-image,null,null,209648091136,3124
782,whole-image,null,null,209916526592,3128
783,whole-image,null,null,210184962048,3132
784,whole-image,null,null,210453397504,3136
785,whole-image,null,null,210721832960,3140
786,whole-image,null,null,210990268416,3144
787,whole-image,null,null,211258703872,3148
788,whole-image,null,null,211527139328,3152
789,whole-image,null,null,211795574784,3156
790,whole-image,null,null,212064010240,3160
791,whole-image,null,null,212332445696,3164
792,whole-image,null,null,212600881152,3168
793,whole-image,null,null,212869316608,3172
794,whole-image,null,null,213137752064,3176
795,whole-image,null,null,213406187520,3180
796,whole-image,null,null,213674622976,3184
797,whole-image,null,null,213943058432,3188
798,whole-image,null,null,214211493888,3192
799,whole-image,null,null,214479929344,3196
800,whole-image,null,null,214748364800,3200
801,whole-image,null,null,215016800256,3204
802,whole-image,null,null,215285235712,3208
803,whole-image,null,null,215553671168,3212
804,whole-image,null,null,215822106624,3216
805,whole-image,null,null,216090542080,3220
806,whole-image,null,null,216358977536,3224
807,whole-image,null,null,216627412992,3228
808,whole-image,null,null,216895848448,3232
809,whole-image,null,null,217164283904,3236
810,whole-image,null,null,217432719360,3240
811,whole-image,null,null,217701154816,3244
812,whole-image,null,null,217969590272,3248
813,whole-image,null,null,218238025728,3252
814,whole-image,null,null,218506461184,3256
815,whole-image,null,null,218774896640,3260
816,whole-image,null,null,219043332096,3264
817,whole-image,null,null,219311767552,3268
818,whole-image,null,null,219580203008,3272
819,whole-image,null,null,219848638464,3276
820,whole-image,null,null,220117073920,3280
821,whole-image,null,null,220385509376,3284
822,whole-image,null,null,220653944832,3288
823,whole-image,null,null,220922380288,3292
824,whole-image,null,null,221190815744,3296
825,whole-image,null,null,221459251200,3300
826,whole-image,null,null,221727686656,3304
827,whole-image,null,null,221996122112,3308
828,whole-image,null,null,222264557568,3312
829,whole-image,null,null,222532993024,3316
830,whole-image,null,null,222801428480,3320
831,whole-image,null,null,223069863936,3324
832,whole-image,null,null,223338299392,3328
833,whole-image,null,null,223606734848,3332
834,whole-image,null,null,223875170304,3336
835,whole-image,null,null,224143605760,3340
836,whole-image,null,null,224412041216,3344
837,whole-image,null,null,224680476672,3348
838,whole-image,null,null,224948912128,3352
839,whole-image,null,null,225217347584,3356
840,whole-image,null,null,225485783040,3360
841,whole-image,null,null,225754218496,3364
842,whole-image,null,null,226022653952,3368
843,whole-image,null,null,226291089408,3372
844,whole-image,null,null,226559524864,3376
845,whole-image,null,null,226827960320,3380
846,whole-image,null,null,227096395776,3384
847,whole-image,null,null,227364831232,3388
848,whole-image,null,null,227633266688,3392
849,whole-image,null,null,227901702144,3396
850,whole-image,null,null,228170137600,3400
851,whole-image,null,null,228438573056,3404
852,whole-image,null,null,228707008512,3408
853,whole-image,null,null,228975443968,3412
854,whole-image,null,null,229243879424,3416
855,whole-image,null,null,229512314880,3420
856,whole-image,null,null,229780750336,3424
857,whole-image,null,null,230049185792,3428
858,whole-image,null,null,230317621248,3432
859,whole-image,null,null,230586056704,3436
860,whole-image,null,null,230854492160,3440
861,whole-image,null,null,231122927616,3444
862,whole-image,null,null,231391363072,3448
863,whole-image,null,null,231659798528,3452
864,whole-image,null,null,231928233984,3456
865,whole-image,null,null,232196669440,3460
866,whole-image,null,null,232465104896,3464
867,whole-image,null,null,232733540352,3468
868,whole-image,null,null,233001975808,3472
869,whole-image,null,null,233270411264,3476
870,whole-image,null,null,233538846720,3480
871,whole-image,null,null,233807282176,3484
872,whole-image,null,null,234075717632,3488
873,whole-image,null,null,234344153088,3492
874,whole-image,null,null,234612588544,3496
875,whole-image,null,null,234881024000,3500
876,whole-image,null,null,235149459456,3504
877,whole-image,null,null,235417894912,3508
878,whole-image,null,null,235686330368,3512
879,whole-image,null,null,235954765824,3516
880,whole-image,null,null,236223201280,3520
881,whole-image,null,null,236491636736,3524
882,whole-image,null,null,236760072192,3528
883,whole-image,null,null,237028507648,3532
884,whole-image,null,null,237296943104,3536
885,whole-image,null,null,237565378560,3540
886,whole-image,null,null,237833814016,3544
887,whole-image,null,null,238102249472,3548
888,whole-image,null,null,238370684928,3552
889,whole-image,null,null,238639120384,3556
890,whole-image,null,null,238907555840,3560
891,whole-image,null,null,239175991296,3564
892,whole-image,null,null,239444426752,3568
893,whole-image,null,null,239712862208,3572
894,whole-image,null,null,239981297664,3576
895,whole-image,null,null,240249733120,3580
896,whole-image,null,null,240518168576,3584
897,whole-image,null,null,240786604032,3588
898,whole-image,null,null,241055039488,3592
899,whole-image,null,null,241323474944,3596
900,whole-image,null,null,241591910400,3600
901,whole-image,null,null,241860345856,3604
902,whole-image,null,null,242128781312,3608
903,whole-image,null,null,242397216768,3612
904,whole-image,null,null,242665652224,3616
905,whole-image,null,null,242934087680,3620
906,whole-image,null,null,243202523136,3624
907,whole-image,null,null,243470958592,3628
908,whole-image,null,null,243739394048,3632
909,whole-image,null,null,244007829504,3636
910,whole-image,null,null,244276264960,3640
911,whole-image,null,null,244544700416,3644
912,whole-image,null,null,244813135872,3648
913,whole-image,null,null,245081571328,3652
914,whole-image,null,null,245350006784,3656
915,whole-image,null,null,245618442240,3660
916,whole-image,null,null,245886877696,3664
917,whole-image,null,null,246155313152,3668
918,whole-image,null,null,246423748608,3672
919,whole-image,null,null,246692184064,3676
920,whole-image,null,null,246960619520,3680
921,whole-image,null,null,247229054976,3684
922,whole-image,null,null,247497490432,3688
923,whole-image,null,null,247765925888,3692
924,whole-image,null,null,248034361344,3696
925,whole-image,null,null,248302796800,3700
926,whole-image,null,null,248571232256,3704
927,whole-image,null,null,248839667712,3708
928,whole-image,null,null,249108103168,3712
929,whole-image,null,null,249376538624,3716
930,whole-image,null,null,249644974080,3720
931,whole-image,null,null,249913409536,3724
932,whole-image,null,null,250181844992,3728
933,whole-image,null,null,250450280448,3732
934,whole-image,null,null,250718715904,3736
935,whole-image,null,null,250987151360,3740
936,whole-image,null,null,251255586816,3744
937,whole-image,null,null,251524022272,3748
938,whole-image,null,null,251792457728,3752
939,whole-image,null,null,252060893184,3756
940,whole-image,null,null,252329328640,3760
941,whole-image,null,null,252597764096,3764
942,whole-image,null,null,252866199552,3768
943,whole-image,null,null,253134635008,3772
944,whole-image,null,null,253403070464,3776
945,whole-image,null,null,253671505920,3780
946,whole-image,null,null,253939941376,3784
947,whole-image,null,null,254208376832,3788
948,whole-image,null,null,254476812288,3792
949,whole-image,null,null,254745247744,3796
950,whole-image,null,null,255013683200,3800
951,whole-image,null,null,255282118656,3804
952,whole-image,null,null,255550554112,3808
953,whole-image,null,null,255818989568,3812
954,whole-image,null,null,256087425024,3816
955,whole-image,null,null,256355860480,3820
956,whole-image,null,null,256624295936,3824
957,whole-image,null,null,256892731392,3828
958,whole-image,null,null,257161166848,3832
959,whole-image,null,null,257429602304,3836
960,whole-image,null,null,257698037760,3840
961,whole-image,null,null,257966473216,3844
962,whole-image,null,null,258234908672,3848
963,whole-image,null,null,258503344128,3852
964,whole-image,null,null,258771779584,3856
965,whole-image,null,null,259040215040,3860
966,whole-image,null,null,259308650496,3864
967,whole-image,null,null,259577085952,3868
968,whole-image,null,null,259845521408,3872
969,whole-image,null,null,260113956864,3876
970,whole-image,null,null,260382392320,3880
971,whole-image,null,null,260650827776,3884
972,whole-image,null,null,260919263232,3888
973,whole-image,null,null,261187698688,3892
974,whole-image,null,null,261456134144,3896
975,whole-image,null,null,261724569600,3900
976,whole-image,null,null,261993005056,3904
977,whole-image,null,null,262261440512,3908
978,whole-image,null,null,262529875968,3912
979,whole-image,null,null,262798311424,3916
980,whole-image,null,null,263066746880,3920
981,whole-image,null,null,263335182336,3924
982,whole-image,null,null,263603617792,3928
983,whole-image,null,null,263872053248,3932
984,whole-image,null,null,264140488704,3936
985,whole-image,null,null,264408924160,3940
986,whole-image,null,null,264677359616,3944
987,whole-image,null,null,264945795072,3948
988,whole-image,null,null,265214230528,3952
989,whole-image,null,null,265482665984,3956
990,whole-image,null,null,265751101440,3960
991,whole-image,null,null,266019536896,3964
992,whole-image,null,null,266287972352,3968
993,whole-image,null,null,266556407808,3972
994,whole-image,null,null,266824843264,3976
995,whole-image,null,null,267093278720,3980
996,whole-image,null,null,267361714176,3984
997,whole-image,null,null,267630149632,3988
998,whole-image,null,null,267898585088,3992
999,whole-image,null,null,268167020544,3996
1000,whole-image,3,268435456,268435456000,4000
1,delta-pack,3,1048592,1048592,4
2,delta-pack,null,null,2097184,8
3,delta-pack,null,null,3145776,12
4,delta-pack,null,null,3932220,16
5,delta-pack,null,null,4980812,20
6,delta-pack,null,null,5767256,24
7,delta-pack,null,null,6553700,28
8,delta-pack,null,null,7340144,32
9,delta-pack,null,null,8388736,36
10,delta-pack,12,9437328,9437328,40
11,delta-pack,null,null,10485920,44
12,delta-pack,null,null,11534512,48
13,delta-pack,null,null,12583104,52
14,delta-pack,null,null,13631696,56
15,delta-pack,null,null,14680288,60
16,delta-pack,null,null,15728880,64
17,delta-pack,null,null,16777472,68
18,delta-pack,null,null,17826064,72
19,delta-pack,null,null,18874656,76
20,delta-pack,null,null,19923248,80
21,delta-pack,null,null,20971840,84
22,delta-pack,null,null,21758284,88
23,delta-pack,null,null,22806876,92
24,delta-pack,null,null,23855468,96
25,delta-pack,null,null,24904060,100
26,delta-pack,null,null,25952652,104
27,delta-pack,null,null,27001244,108
28,delta-pack,null,null,28049836,112
29,delta-pack,null,null,28836280,116
30,delta-pack,null,null,29884872,120
31,delta-pack,null,null,30933464,124
32,delta-pack,null,null,31982056,128
33,delta-pack,null,null,33030648,132
34,delta-pack,null,null,33817092,136
35,delta-pack,null,null,34865684,140
36,delta-pack,null,null,35914276,144
37,delta-pack,null,null,36962868,148
38,delta-pack,null,null,38011460,152
39,delta-pack,null,null,39060052,156
40,delta-pack,null,null,40108644,160
41,delta-pack,null,null,41157236,164
42,delta-pack,null,null,42205828,168
43,delta-pack,null,null,43254420,172
44,delta-pack,null,null,44303012,176
45,delta-pack,null,null,45351604,180
46,delta-pack,null,null,46400196,184
47,delta-pack,null,null,47448788,188
48,delta-pack,null,null,48497380,192
49,delta-pack,null,null,49545972,196
50,delta-pack,null,null,50594564,200
51,delta-pack,null,null,51643156,204
52,delta-pack,null,null,52691748,208
53,delta-pack,null,null,53740340,212
54,delta-pack,null,null,54788932,216
55,delta-pack,null,null,55837524,220
56,delta-pack,null,null,56886116,224
57,delta-pack,null,null,57934708,228
58,delta-pack,null,null,58983300,232
59,delta-pack,null,null,60031892,236
60,delta-pack,null,null,61080484,240
61,delta-pack,null,null,62129076,244
62,delta-pack,null,null,63177668,248
63,delta-pack,null,null,64226260,252
64,delta-pack,null,null,65274852,256
65,delta-pack,null,null,66323444,260
66,delta-pack,null,null,67372036,264
67,delta-pack,null,null,68420628,268
68,delta-pack,null,null,69469220,272
69,delta-pack,null,null,70517812,276
70,delta-pack,null,null,71566404,280
71,delta-pack,null,null,72614996,284
72,delta-pack,null,null,73401440,288
73,delta-pack,null,null,74187884,292
74,delta-pack,null,null,75236476,296
75,delta-pack,null,null,76285068,300
76,delta-pack,null,null,77333660,304
77,delta-pack,null,null,78382252,308
78,delta-pack,null,null,79430844,312
79,delta-pack,null,null,80479436,316
80,delta-pack,null,null,81528028,320
81,delta-pack,null,null,82576620,324
82,delta-pack,null,null,83625212,328
83,delta-pack,null,null,84673804,332
84,delta-pack,null,null,85722396,336
85,delta-pack,null,null,86770988,340
86,delta-pack,null,null,87819580,344
87,delta-pack,null,null,88868172,348
88,delta-pack,null,null,89916764,352
89,delta-pack,null,null,90965356,356
90,delta-pack,null,null,92013948,360
91,delta-pack,null,null,93062540,364
92,delta-pack,null,null,94111132,368
93,delta-pack,null,null,94897576,372
94,delta-pack,null,null,95946168,376
95,delta-pack,null,null,96994760,380
96,delta-pack,null,null,98043352,384
97,delta-pack,null,null,99091944,388
98,delta-pack,null,null,100140536,392
99,delta-pack,null,null,101189128,396
100,delta-pack,102,102237720,102237720,400
101,delta-pack,null,null,103286312,404
102,delta-pack,null,null,104334904,408
103,delta-pack,null,null,105383496,412
104,delta-pack,null,null,106432088,416
105,delta-pack,null,null,107480680,420
106,delta-pack,null,null,108529272,424
107,delta-pack,null,null,109577864,428
108,delta-pack,null,null,110626456,432
109,delta-pack,null,null,111412900,436
110,delta-pack,null,null,112461492,440
111,delta-pack,null,null,113510084,444
112,delta-pack,null,null,114558676,448
113,delta-pack,null,null,115607268,452
114,delta-pack,null,null,116655860,456
115,delta-pack,null,null,117704452,460
116,delta-pack,null,null,118753044,464
117,delta-pack,null,null,119801636,468
118,delta-pack,null,null,120850228,472
119,delta-pack,null,null,121898820,476
120,delta-pack,null,null,122947412,480
121,delta-pack,null,null,123996004,484
122,delta-pack,null,null,125044596,488
123,delta-pack,null,null,126093188,492
124,delta-pack,null,null,127141780,496
125,delta-pack,null,null,128190372,500
126,delta-pack,null,null,129238964,504
127,delta-pack,null,null,130287556,508
128,delta-pack,null,null,131336148,512
129,delta-pack,null,null,132384740,516
130,delta-pack,null,null,133433332,520
131,delta-pack,null,null,134481924,524
132,delta-pack,null,null,135530516,528
133,delta-pack,null,null,136579108,532
134,delta-pack,null,null,137627700,536
135,delta-pack,null,null,138676292,540
136,delta-pack,null,null,139724884,544
137,delta-pack,null,null,140773476,548
138,delta-pack,null,null,141822068,552
139,delta-pack,null,null,142870660,556
140,delta-pack,null,null,143919252,560
141,delta-pack,null,null,144967844,564
142,delta-pack,null,null,146016436,568
143,delta-pack,null,null,147065028,572
144,delta-pack,null,null,148113620,576
145,delta-pack,null,null,149162212,580
146,delta-pack,null,null,150210804,584
147,delta-pack,null,null,150997248,588
148,delta-pack,null,null,152045840,592
149,delta-pack,null,null,153094432,596
150,delta-pack,null,null,154143024,600
151,delta-pack,null,null,155191616,604
152,delta-pack,null,null,156240208,608
153,delta-pack,null,null,157026652,612
154,delta-pack,null,null,158075244,616
155,delta-pack,null,null,159123836,620
156,delta-pack,null,null,160172428,624
157,delta-pack,null,null,161221020,628
158,delta-pack,null,null,162269612,632
159,delta-pack,null,null,163318204,636
160,delta-pack,null,null,164366796,640
161,delta-pack,null,null,165415388,644
162,delta-pack,null,null,166463980,648
163,delta-pack,null,null,167512572,652
164,delta-pack,null,null,168561164,656
165,delta-pack,null,null,169609756,660
166,delta-pack,null,null,170658348,664
167,delta-pack,null,null,171706940,668
168,delta-pack,null,null,172755532,672
169,delta-pack,null,null,173804124,676
170,delta-pack,null,null,174852716,680
171,delta-pack,null,null,175901308,684
172,delta-pack,null,null,176949900,688
173,delta-pack,null,null,177998492,692
174,delta-pack,null,null,179047084,696
175,delta-pack,null,null,180095676,700
176,delta-pack,null,null,181144268,704
177,delta-pack,null,null,182192860,708
178,delta-pack,null,null,182979304,712
179,delta-pack,null,null,184027896,716
180,delta-pack,null,null,185076488,720
181,delta-pack,null,null,186125080,724
182,delta-pack,null,null,187173672,728
183,delta-pack,null,null,188222264,732
184,delta-pack,null,null,189270856,736
185,delta-pack,null,null,190319448,740
186,delta-pack,null,null,191368040,744
187,delta-pack,null,null,192416632,748
188,delta-pack,null,null,193465224,752
189,delta-pack,null,null,194513816,756
190,delta-pack,null,null,195562408,760
191,delta-pack,null,null,196611000,764
192,delta-pack,null,null,197659592,768
193,delta-pack,null,null,198708184,772
194,delta-pack,null,null,199756776,776
195,delta-pack,null,null,200805368,780
196,delta-pack,null,null,201853960,784
197,delta-pack,null,null,202902552,788
198,delta-pack,null,null,203951144,792
199,delta-pack,null,null,204999736,796
200,delta-pack,null,null,206048328,800
201,delta-pack,null,null,207096920,804
202,delta-pack,null,null,208145512,808
203,delta-pack,null,null,209194104,812
204,delta-pack,null,null,210242696,816
205,delta-pack,null,null,211291288,820
206,delta-pack,null,null,212339880,824
207,delta-pack,null,null,213388472,828
208,delta-pack,null,null,214437064,832
209,delta-pack,null,null,215485656,836
210,delta-pack,null,null,216534248,840
211,delta-pack,null,null,217582840,844
212,delta-pack,null,null,218631432,848
213,delta-pack,null,null,219680024,852
214,delta-pack,null,null,220728616,856
215,delta-pack,null,null,221777208,860
216,delta-pack,null,null,222825800,864
217,delta-pack,null,null,223874392,868
218,delta-pack,null,null,224922984,872
219,delta-pack,null,null,225971576,876
220,delta-pack,null,null,227020168,880
221,delta-pack,null,null,228068760,884
222,delta-pack,null,null,229117352,888
223,delta-pack,null,null,230165944,892
224,delta-pack,null,null,231214536,896
225,delta-pack,null,null,232263128,900
226,delta-pack,null,null,233311720,904
227,delta-pack,null,null,234360312,908
228,delta-pack,null,null,235408904,912
229,delta-pack,null,null,236457496,916
230,delta-pack,null,null,237506088,920
231,delta-pack,null,null,238554680,924
232,delta-pack,null,null,239603272,928
233,delta-pack,null,null,240651864,932
234,delta-pack,null,null,241700456,936
235,delta-pack,null,null,242749048,940
236,delta-pack,null,null,243797640,944
237,delta-pack,null,null,244846232,948
238,delta-pack,null,null,245894824,952
239,delta-pack,null,null,246943416,956
240,delta-pack,null,null,247992008,960
241,delta-pack,null,null,249040600,964
242,delta-pack,null,null,250089192,968
243,delta-pack,null,null,251137784,972
244,delta-pack,null,null,252186376,976
245,delta-pack,null,null,253234968,980
246,delta-pack,null,null,254283560,984
247,delta-pack,null,null,255332152,988
248,delta-pack,null,null,256380744,992
249,delta-pack,null,null,257429336,996
250,delta-pack,null,null,258477928,1000
251,delta-pack,null,null,259526520,1004
252,delta-pack,null,null,260575112,1008
253,delta-pack,null,null,261623704,1012
254,delta-pack,null,null,262672296,1016
255,delta-pack,null,null,263720888,1020
256,delta-pack,null,null,264507332,1024
257,delta-pack,null,null,265555924,1028
258,delta-pack,null,null,266604516,1032
259,delta-pack,null,null,267653108,1036
260,delta-pack,null,null,268701700,1040
261,delta-pack,null,null,269750292,1044
262,delta-pack,null,null,270798884,1048
263,delta-pack,null,null,271847476,1052
264,delta-pack,null,null,272896068,1056
265,delta-pack,null,null,273944660,1060
266,delta-pack,null,null,274993252,1064
267,delta-pack,null,null,276041844,1068
268,delta-pack,null,null,277090436,1072
269,delta-pack,null,null,278139028,1076
270,delta-pack,null,null,279187620,1080
271,delta-pack,null,null,279974064,1084
272,delta-pack,null,null,281022656,1088
273,delta-pack,null,null,282071248,1092
274,delta-pack,null,null,283119840,1096
275,delta-pack,null,null,284168432,1100
276,delta-pack,null,null,285217024,1104
277,delta-pack,null,null,286265616,1108
278,delta-pack,null,null,287314208,1112
279,delta-pack,null,null,288362800,1116
280,delta-pack,null,null,289411392,1120
281,delta-pack,null,null,290459984,1124
282,delta-pack,null,null,291508576,1128
283,delta-pack,null,null,292557168,1132
284,delta-pack,null,null,293605760,1136
285,delta-pack,null,null,294654352,1140
286,delta-pack,null,null,295702944,1144
287,delta-pack,null,null,296751536,1148
288,delta-pack,null,null,297800128,1152
289,delta-pack,null,null,298848720,1156
290,delta-pack,null,null,299897312,1160
291,delta-pack,null,null,300945904,1164
292,delta-pack,null,null,301994496,1168
293,delta-pack,null,null,303043088,1172
294,delta-pack,null,null,304091680,1176
295,delta-pack,null,null,305140272,1180
296,delta-pack,null,null,306188864,1184
297,delta-pack,null,null,307237456,1188
298,delta-pack,null,null,308286048,1192
299,delta-pack,null,null,309334640,1196
300,delta-pack,null,null,310383232,1200
301,delta-pack,null,null,311431824,1204
302,delta-pack,null,null,312480416,1208
303,delta-pack,null,null,313529008,1212
304,delta-pack,null,null,314577600,1216
305,delta-pack,null,null,315626192,1220
306,delta-pack,null,null,316674784,1224
307,delta-pack,null,null,317723376,1228
308,delta-pack,null,null,318771968,1232
309,delta-pack,null,null,319820560,1236
310,delta-pack,null,null,320869152,1240
311,delta-pack,null,null,321917744,1244
312,delta-pack,null,null,322966336,1248
313,delta-pack,null,null,323752780,1252
314,delta-pack,null,null,324801372,1256
315,delta-pack,null,null,325849964,1260
316,delta-pack,null,null,326898556,1264
317,delta-pack,null,null,327947148,1268
318,delta-pack,null,null,328995740,1272
319,delta-pack,null,null,330044332,1276
320,delta-pack,null,null,331092924,1280
321,delta-pack,null,null,332141516,1284
322,delta-pack,null,null,333190108,1288
323,delta-pack,null,null,334238700,1292
324,delta-pack,null,null,335287292,1296
325,delta-pack,null,null,336335884,1300
326,delta-pack,null,null,337384476,1304
327,delta-pack,null,null,338433068,1308
328,delta-pack,null,null,339481660,1312
329,delta-pack,null,null,340530252,1316
330,delta-pack,null,null,341578844,1320
331,delta-pack,null,null,342627436,1324
332,delta-pack,null,null,343676028,1328
333,delta-pack,null,null,344724620,1332
334,delta-pack,null,null,345773212,1336
335,delta-pack,null,null,346821804,1340
336,delta-pack,null,null,347870396,1344
337,delta-pack,null,null,348918988,1348
338,delta-pack,null,null,349967580,1352
339,delta-pack,null,null,350754024,1356
340,delta-pack,null,null,351802616,1360
341,delta-pack,null,null,352851208,1364
342,delta-pack,null,null,353899800,1368
343,delta-pack,null,null,354948392,1372
344,delta-pack,null,null,355996984,1376
345,delta-pack,null,null,357045576,1380
346,delta-pack,null,null,358094168,1384
347,delta-pack,null,null,359142760,1388
348,delta-pack,null,null,360191352,1392
349,delta-pack,null,null,361239944,1396
350,delta-pack,null,null,362288536,1400
351,delta-pack,null,null,363337128,1404
352,delta-pack,null,null,364385720,1408
353,delta-pack,null,null,365434312,1412
354,delta-pack,null,null,366482904,1416
355,delta-pack,null,null,367531496,1420
356,delta-pack,null,null,368580088,1424
357,delta-pack,null,null,369628680,1428
358,delta-pack,null,null,370677272,1432
359,delta-pack,null,null,371725864,1436
360,delta-pack,null,null,372774456,1440
361,delta-pack,null,null,373823048,1444
362,delta-pack,null,null,374871640,1448
363,delta-pack,null,null,375920232,1452
364,delta-pack,null,null,376968824,1456
365,delta-pack,null,null,378017416,1460
366,delta-pack,null,null,379066008,1464
367,delta-pack,null,null,380114600,1468
368,delta-pack,null,null,381163192,1472
369,delta-pack,null,null,382211784,1476
370,delta-pack,null,null,383260376,1480
371,delta-pack,null,null,384308968,1484
372,delta-pack,null,null,385357560,1488
373,delta-pack,null,null,386406152,1492
374,delta-pack,null,null,387454744,1496
375,delta-pack,null,null,388503336,1500
376,delta-pack,null,null,389551928,1504
377,delta-pack,null,null,390600520,1508
378,delta-pack,null,null,391649112,1512
379,delta-pack,null,null,392697704,1516
380,delta-pack,null,null,393746296,1520
381,delta-pack,null,null,394794888,1524
382,delta-pack,null,null,395843480,1528
383,delta-pack,null,null,396892072,1532
384,delta-pack,null,null,397940664,1536
385,delta-pack,null,null,398989256,1540
386,delta-pack,null,null,400037848,1544
387,delta-pack,null,null,401086440,1548
388,delta-pack,null,null,402135032,1552
389,delta-pack,null,null,403183624,1556
390,delta-pack,null,null,404232216,1560
391,delta-pack,null,null,405280808,1564
392,delta-pack,null,null,406329400,1568
393,delta-pack,null,null,407377992,1572
394,delta-pack,null,null,408426584,1576
395,delta-pack,null,null,409475176,1580
396,delta-pack,null,null,410523768,1584
397,delta-pack,null,null,411572360,1588
398,delta-pack,null,null,412620952,1592
399,delta-pack,null,null,413669544,1596
400,delta-pack,null,null,414718136,1600
401,delta-pack,null,null,415766728,1604
402,delta-pack,null,null,416815320,1608
403,delta-pack,null,null,417601764,1612
404,delta-pack,null,null,418650356,1616
405,delta-pack,null,null,419698948,1620
406,delta-pack,null,null,420747540,1624
407,delta-pack,null,null,421796132,1628
408,delta-pack,null,null,422844724,1632
409,delta-pack,null,null,423893316,1636
410,delta-pack,null,null,424941908,1640
411,delta-pack,null,null,425990500,1644
412,delta-pack,null,null,427039092,1648
413,delta-pack,null,null,428087684,1652
414,delta-pack,null,null,429136276,1656
415,delta-pack,null,null,430184868,1660
416,delta-pack,null,null,431233460,1664
417,delta-pack,null,null,432282052,1668
418,delta-pack,null,null,433330644,1672
419,delta-pack,null,null,434379236,1676
420,delta-pack,null,null,435427828,1680
421,delta-pack,null,null,436476420,1684
422,delta-pack,null,null,437525012,1688
423,delta-pack,null,null,438573604,1692
424,delta-pack,null,null,439622196,1696
425,delta-pack,null,null,440670788,1700
426,delta-pack,null,null,441719380,1704
427,delta-pack,null,null,442767972,1708
428,delta-pack,null,null,443816564,1712
429,delta-pack,null,null,444865156,1716
430,delta-pack,null,null,445913748,1720
431,delta-pack,null,null,446962340,1724
432,delta-pack,null,null,448010932,1728
433,delta-pack,null,null,449059524,1732
434,delta-pack,null,null,449845968,1736
435,delta-pack,null,null,450894560,1740
436,delta-pack,null,null,451943152,1744
437,delta-pack,null,null,452991744,1748
438,delta-pack,null,null,454040336,1752
439,delta-pack,null,null,455088928,1756
440,delta-pack,null,null,456137520,1760
441,delta-pack,null,null,457186112,1764
442,delta-pack,null,null,458234704,1768
443,delta-pack,null,null,459283296,1772
444,delta-pack,null,null,460331888,1776
445,delta-pack,null,null,461380480,1780
446,delta-pack,null,null,462429072,1784
447,delta-pack,null,null,463477664,1788
448,delta-pack,null,null,464526256,1792
449,delta-pack,null,null,465574848,1796
450,delta-pack,null,null,466623440,1800
451,delta-pack,null,null,467672032,1804
452,delta-pack,null,null,468720624,1808
453,delta-pack,null,null,469769216,1812
454,delta-pack,null,null,470817808,1816
455,delta-pack,null,null,471866400,1820
456,delta-pack,null,null,472914992,1824
457,delta-pack,null,null,473963584,1828
458,delta-pack,null,null,475012176,1832
459,delta-pack,null,null,476060768,1836
460,delta-pack,null,null,477109360,1840
461,delta-pack,null,null,478157952,1844
462,delta-pack,null,null,479206544,1848
463,delta-pack,null,null,480255136,1852
464,delta-pack,null,null,481303728,1856
465,delta-pack,null,null,482352320,1860
466,delta-pack,null,null,483400912,1864
467,delta-pack,null,null,484449504,1868
468,delta-pack,null,null,485498096,1872
469,delta-pack,null,null,486546688,1876
470,delta-pack,null,null,487595280,1880
471,delta-pack,null,null,488643872,1884
472,delta-pack,null,null,489692464,1888
473,delta-pack,null,null,490741056,1892
474,delta-pack,null,null,491789648,1896
475,delta-pack,null,null,492838240,1900
476,delta-pack,null,null,493886832,1904
477,delta-pack,null,null,494935424,1908
478,delta-pack,null,null,495984016,1912
479,delta-pack,null,null,497032608,1916
480,delta-pack,null,null,498081200,1920
481,delta-pack,null,null,499129792,1924
482,delta-pack,null,null,500178384,1928
483,delta-pack,null,null,501226976,1932
484,delta-pack,null,null,502275568,1936
485,delta-pack,null,null,503324160,1940
486,delta-pack,null,null,504372752,1944
487,delta-pack,null,null,505421344,1948
488,delta-pack,null,null,506469936,1952
489,delta-pack,null,null,507518528,1956
490,delta-pack,null,null,508567120,1960
491,delta-pack,null,null,509615712,1964
492,delta-pack,null,null,510664304,1968
493,delta-pack,null,null,511450748,1972
494,delta-pack,null,null,512499340,1976
495,delta-pack,null,null,513547932,1980
496,delta-pack,null,null,514596524,1984
497,delta-pack,null,null,515645116,1988
498,delta-pack,null,null,516693708,1992
499,delta-pack,null,null,517742300,1996
500,delta-pack,502,518790892,518790892,2000
501,delta-pack,null,null,519839484,2004
502,delta-pack,null,null,520888076,2008
503,delta-pack,null,null,521936668,2012
504,delta-pack,null,null,522985260,2016
505,delta-pack,null,null,524033852,2020
506,delta-pack,null,null,525082444,2024
507,delta-pack,null,null,526131036,2028
508,delta-pack,null,null,527179628,2032
509,delta-pack,null,null,528228220,2036
510,delta-pack,null,null,529014664,2040
511,delta-pack,null,null,530063256,2044
512,delta-pack,null,null,531111848,2048
513,delta-pack,null,null,532160440,2052
514,delta-pack,null,null,533209032,2056
515,delta-pack,null,null,534257624,2060
516,delta-pack,null,null,535306216,2064
517,delta-pack,null,null,536354808,2068
518,delta-pack,null,null,537403400,2072
519,delta-pack,null,null,538451992,2076
520,delta-pack,null,null,539500584,2080
521,delta-pack,null,null,540549176,2084
522,delta-pack,null,null,541597768,2088
523,delta-pack,null,null,542646360,2092
524,delta-pack,null,null,543694952,2096
525,delta-pack,null,null,544743544,2100
526,delta-pack,null,null,545792136,2104
527,delta-pack,null,null,546840728,2108
528,delta-pack,null,null,547889320,2112
529,delta-pack,null,null,548937912,2116
530,delta-pack,null,null,549986504,2120
531,delta-pack,null,null,551035096,2124
532,delta-pack,null,null,552083688,2128
533,delta-pack,null,null,553132280,2132
534,delta-pack,null,null,554180872,2136
535,delta-pack,null,null,555229464,2140
536,delta-pack,null,null,556278056,2144
537,delta-pack,null,null,557326648,2148
538,delta-pack,null,null,558375240,2152
539,delta-pack,null,null,559423832,2156
540,delta-pack,null,null,560472424,2160
541,delta-pack,null,null,561521016,2164
542,delta-pack,null,null,562569608,2168
543,delta-pack,null,null,563618200,2172
544,delta-pack,null,null,564666792,2176
545,delta-pack,null,null,565715384,2180
546,delta-pack,null,null,566763976,2184
547,delta-pack,null,null,567812568,2188
548,delta-pack,null,null,568861160,2192
549,delta-pack,null,null,569909752,2196
550,delta-pack,null,null,570958344,2200
551,delta-pack,null,null,572006936,2204
552,delta-pack,null,null,573055528,2208
553,delta-pack,null,null,574104120,2212
554,delta-pack,null,null,575152712,2216
555,delta-pack,null,null,576201304,2220
556,delta-pack,null,null,577249896,2224
557,delta-pack,null,null,578298488,2228
558,delta-pack,null,null,579347080,2232
559,delta-pack,null,null,580395672,2236
560,delta-pack,null,null,581444264,2240
561,delta-pack,null,null,582492856,2244
562,delta-pack,null,null,583541448,2248
563,delta-pack,null,null,584590040,2252
564,delta-pack,null,null,585638632,2256
565,delta-pack,null,null,586687224,2260
566,delta-pack,null,null,587735816,2264
567,delta-pack,null,null,588784408,2268
568,delta-pack,null,null,589833000,2272
569,delta-pack,null,null,590881592,2276
570,delta-pack,null,null,591930184,2280
571,delta-pack,null,null,592978776,2284
572,delta-pack,null,null,594027368,2288
573,delta-pack,null,null,595075960,2292
574,delta-pack,null,null,596124552,2296
575,delta-pack,null,null,597173144,2300
576,delta-pack,null,null,598221736,2304
577,delta-pack,null,null,599270328,2308
578,delta-pack,null,null,600318920,2312
579,delta-pack,null,null,601367512,2316
580,delta-pack,null,null,602416104,2320
581,delta-pack,null,null,603464696,2324
582,delta-pack,null,null,604513288,2328
583,delta-pack,null,null,605561880,2332
584,delta-pack,null,null,606610472,2336
585,delta-pack,null,null,607659064,2340
586,delta-pack,null,null,608707656,2344
587,delta-pack,null,null,609756248,2348
588,delta-pack,null,null,610804840,2352
589,delta-pack,null,null,611853432,2356
590,delta-pack,null,null,612902024,2360
591,delta-pack,null,null,613950616,2364
592,delta-pack,null,null,614999208,2368
593,delta-pack,null,null,616047800,2372
594,delta-pack,null,null,617096392,2376
595,delta-pack,null,null,618144984,2380
596,delta-pack,null,null,619193576,2384
597,delta-pack,null,null,620242168,2388
598,delta-pack,null,null,621290760,2392
599,delta-pack,null,null,622339352,2396
600,delta-pack,null,null,623387944,2400
601,delta-pack,null,null,624436536,2404
602,delta-pack,null,null,625485128,2408
603,delta-pack,null,null,626533720,2412
604,delta-pack,null,null,627582312,2416
605,delta-pack,null,null,628630904,2420
606,delta-pack,null,null,629679496,2424
607,delta-pack,null,null,630728088,2428
608,delta-pack,null,null,631776680,2432
609,delta-pack,null,null,632825272,2436
610,delta-pack,null,null,633873864,2440
611,delta-pack,null,null,634922456,2444
612,delta-pack,null,null,635971048,2448
613,delta-pack,null,null,637019640,2452
614,delta-pack,null,null,638068232,2456
615,delta-pack,null,null,639116824,2460
616,delta-pack,null,null,640165416,2464
617,delta-pack,null,null,641214008,2468
618,delta-pack,null,null,642262600,2472
619,delta-pack,null,null,643311192,2476
620,delta-pack,null,null,644359784,2480
621,delta-pack,null,null,645408376,2484
622,delta-pack,null,null,646456968,2488
623,delta-pack,null,null,647505560,2492
624,delta-pack,null,null,648554152,2496
625,delta-pack,null,null,649602744,2500
626,delta-pack,null,null,650651336,2504
627,delta-pack,null,null,651699928,2508
628,delta-pack,null,null,652748520,2512
629,delta-pack,null,null,653797112,2516
630,delta-pack,null,null,654845704,2520
631,delta-pack,null,null,655894296,2524
632,delta-pack,null,null,656942888,2528
633,delta-pack,null,null,657991480,2532
634,delta-pack,null,null,659040072,2536
635,delta-pack,null,null,660088664,2540
636,delta-pack,null,null,661137256,2544
637,delta-pack,null,null,662185848,2548
638,delta-pack,null,null,663234440,2552
639,delta-pack,null,null,664283032,2556
640,delta-pack,null,null,665331624,2560
641,delta-pack,null,null,666380216,2564
642,delta-pack,null,null,667428808,2568
643,delta-pack,null,null,668477400,2572
644,delta-pack,null,null,669525992,2576
645,delta-pack,null,null,670574584,2580
646,delta-pack,null,null,671623176,2584
647,delta-pack,null,null,672671768,2588
648,delta-pack,null,null,673720360,2592
649,delta-pack,null,null,674768952,2596
650,delta-pack,null,null,675817544,2600
651,delta-pack,null,null,676866136,2604
652,delta-pack,null,null,677914728,2608
653,delta-pack,null,null,678963320,2612
654,delta-pack,null,null,680011912,2616
655,delta-pack,null,null,681060504,2620
656,delta-pack,null,null,682109096,2624
657,delta-pack,null,null,683157688,2628
658,delta-pack,null,null,684206280,2632
659,delta-pack,null,null,685254872,2636
660,delta-pack,null,null,686303464,2640
661,delta-pack,null,null,687352056,2644
662,delta-pack,null,null,688400648,2648
663,delta-pack,null,null,689449240,2652
664,delta-pack,null,null,690497832,2656
665,delta-pack,null,null,691546424,2660
666,delta-pack,null,null,692595016,2664
667,delta-pack,null,null,693643608,2668
668,delta-pack,null,null,694692200,2672
669,delta-pack,null,null,695740792,2676
670,delta-pack,null,null,696789384,2680
671,delta-pack,null,null,697837976,2684
672,delta-pack,null,null,698886568,2688
673,delta-pack,null,null,699935160,2692
674,delta-pack,null,null,700983752,2696
675,delta-pack,null,null,702032344,2700
676,delta-pack,null,null,703080936,2704
677,delta-pack,null,null,704129528,2708
678,delta-pack,null,null,705178120,2712
679,delta-pack,null,null,706226712,2716
680,delta-pack,null,null,707275304,2720
681,delta-pack,null,null,708323896,2724
682,delta-pack,null,null,709372488,2728
683,delta-pack,null,null,710421080,2732
684,delta-pack,null,null,711469672,2736
685,delta-pack,null,null,712518264,2740
686,delta-pack,null,null,713566856,2744
687,delta-pack,null,null,714615448,2748
688,delta-pack,null,null,715664040,2752
689,delta-pack,null,null,716712632,2756
690,delta-pack,null,null,717761224,2760
691,delta-pack,null,null,718809816,2764
692,delta-pack,null,null,719858408,2768
693,delta-pack,null,null,720907000,2772
694,delta-pack,null,null,721955592,2776
695,delta-pack,null,null,723004184,2780
696,delta-pack,null,null,724052776,2784
697,delta-pack,null,null,725101368,2788
698,delta-pack,null,null,726149960,2792
699,delta-pack,null,null,727198552,2796
700,delta-pack,null,null,728247144,2800
701,delta-pack,null,null,729295736,2804
702,delta-pack,null,null,730344328,2808
703,delta-pack,null,null,731392920,2812
704,delta-pack,null,null,732441512,2816
705,delta-pack,null,null,733490104,2820
706,delta-pack,null,null,734538696,2824
707,delta-pack,null,null,735587288,2828
708,delta-pack,null,null,736635880,2832
709,delta-pack,null,null,737684472,2836
710,delta-pack,null,null,738733064,2840
711,delta-pack,null,null,739781656,2844
712,delta-pack,null,null,740830248,2848
713,delta-pack,null,null,741878840,2852
714,delta-pack,null,null,742927432,2856
715,delta-pack,null,null,743976024,2860
716,delta-pack,null,null,745024616,2864
717,delta-pack,null,null,746073208,2868
718,delta-pack,null,null,747121800,2872
719,delta-pack,null,null,748170392,2876
720,delta-pack,null,null,749218984,2880
721,delta-pack,null,null,750267576,2884
722,delta-pack,null,null,751316168,2888
723,delta-pack,null,null,752364760,2892
724,delta-pack,null,null,753413352,2896
725,delta-pack,null,null,754461944,2900
726,delta-pack,null,null,755510536,2904
727,delta-pack,null,null,756559128,2908
728,delta-pack,null,null,757607720,2912
729,delta-pack,null,null,758656312,2916
730,delta-pack,null,null,759704904,2920
731,delta-pack,null,null,760753496,2924
732,delta-pack,null,null,761802088,2928
733,delta-pack,null,null,762850680,2932
734,delta-pack,null,null,763899272,2936
735,delta-pack,null,null,764947864,2940
736,delta-pack,null,null,765996456,2944
737,delta-pack,null,null,767045048,2948
738,delta-pack,null,null,768093640,2952
739,delta-pack,null,null,769142232,2956
740,delta-pack,null,null,770190824,2960
741,delta-pack,null,null,771239416,2964
742,delta-pack,null,null,772288008,2968
743,delta-pack,null,null,773336600,2972
744,delta-pack,null,null,774385192,2976
745,delta-pack,null,null,775433784,2980
746,delta-pack,null,null,776482376,2984
747,delta-pack,null,null,777530968,2988
748,delta-pack,null,null,778579560,2992
749,delta-pack,null,null,779628152,2996
750,delta-pack,752,780676744,780676744,3000
751,delta-pack,null,null,781725336,3004
752,delta-pack,null,null,782773928,3008
753,delta-pack,null,null,783822520,3012
754,delta-pack,null,null,784871112,3016
755,delta-pack,null,null,785919704,3020
756,delta-pack,null,null,786968296,3024
757,delta-pack,null,null,788016888,3028
758,delta-pack,null,null,789065480,3032
759,delta-pack,null,null,790114072,3036
760,delta-pack,null,null,791162664,3040
761,delta-pack,null,null,792211256,3044
762,delta-pack,null,null,793259848,3048
763,delta-pack,null,null,794308440,3052
764,delta-pack,null,null,795357032,3056
765,delta-pack,null,null,796405624,3060
766,delta-pack,null,null,797454216,3064
767,delta-pack,null,null,798502808,3068
768,delta-pack,null,null,799551400,3072
769,delta-pack,null,null,800599992,3076
770,delta-pack,null,null,801648584,3080
771,delta-pack,null,null,802697176,3084
772,delta-pack,null,null,803745768,3088
773,delta-pack,null,null,804794360,3092
774,delta-pack,null,null,805842952,3096
775,delta-pack,null,null,806891544,3100
776,delta-pack,null,null,807940136,3104
777,delta-pack,null,null,808988728,3108
778,delta-pack,null,null,810037320,3112
779,delta-pack,null,null,811085912,3116
780,delta-pack,null,null,812134504,3120
781,delta-pack,null,null,813183096,3124
782,delta-pack,null,null,814231688,3128
783,delta-pack,null,null,815280280,3132
784,delta-pack,null,null,816328872,3136
785,delta-pack,null,null,817377464,3140
786,delta-pack,null,null,818426056,3144
787,delta-pack,null,null,819474648,3148
788,delta-pack,null,null,820523240,3152
789,delta-pack,null,null,821571832,3156
790,delta-pack,null,null,822620424,3160
791,delta-pack,null,null,823669016,3164
792,delta-pack,null,null,824717608,3168
793,delta-pack,null,null,825766200,3172
794,delta-pack,null,null,826814792,3176
795,delta-pack,null,null,827863384,3180
796,delta-pack,null,null,828911976,3184
797,delta-pack,null,null,829960568,3188
798,delta-pack,null,null,831009160,3192
799,delta-pack,null,null,832057752,3196
800,delta-pack,null,null,833106344,3200
801,delta-pack,null,null,834154936,3204
802,delta-pack,null,null,835203528,3208
803,delta-pack,null,null,836252120,3212
804,delta-pack,null,null,837300712,3216
805,delta-pack,null,null,838349304,3220
806,delta-pack,null,null,839397896,3224
807,delta-pack,null,null,840446488,3228
808,delta-pack,null,null,841495080,3232
809,delta-pack,null,null,842543672,3236
810,delta-pack,null,null,843592264,3240
811,delta-pack,null,null,844640856,3244
812,delta-pack,null,null,845689448,3248
813,delta-pack,null,null,846738040,3252
814,delta-pack,null,null,847786632,3256
815,delta-pack,null,null,848835224,3260
816,delta-pack,null,null,849883816,3264
817,delta-pack,null,null,850932408,3268
818,delta-pack,null,null,851981000,3272
819,delta-pack,null,null,853029592,3276
820,delta-pack,null,null,854078184,3280
821,delta-pack,null,null,855126776,3284
822,delta-pack,null,null,856175368,3288
823,delta-pack,null,null,857223960,3292
824,delta-pack,null,null,858272552,3296
825,delta-pack,null,null,859321144,3300
826,delta-pack,null,null,860369736,3304
827,delta-pack,null,null,861418328,3308
828,delta-pack,null,null,862466920,3312
829,delta-pack,null,null,863515512,3316
830,delta-pack,null,null,864564104,3320
831,delta-pack,null,null,865612696,3324
832,delta-pack,null,null,866661288,3328
833,delta-pack,null,null,867709880,3332
834,delta-pack,null,null,868758472,3336
835,delta-pack,null,null,869807064,3340
836,delta-pack,null,null,870855656,3344
837,delta-pack,null,null,871904248,3348
838,delta-pack,null,null,872952840,3352
839,delta-pack,null,null,874001432,3356
840,delta-pack,null,null,875050024,3360
841,delta-pack,null,null,876098616,3364
842,delta-pack,null,null,877147208,3368
843,delta-pack,null,null,878195800,3372
844,delta-pack,null,null,879244392,3376
845,delta-pack,null,null,880292984,3380
846,delta-pack,null,null,881341576,3384
847,delta-pack,null,null,882390168,3388
848,delta-pack,null,null,883438760,3392
849,delta-pack,null,null,884487352,3396
850,delta-pack,null,null,885535944,3400
851,delta-pack,null,null,886584536,3404
852,delta-pack,null,null,887633128,3408
853,delta-pack,null,null,888681720,3412
854,delta-pack,null,null,889730312,3416
855,delta-pack,null,null,890778904,3420
856,delta-pack,null,null,891827496,3424
857,delta-pack,null,null,892876088,3428
858,delta-pack,null,null,893924680,3432
859,delta-pack,null,null,894973272,3436
860,delta-pack,null,null,896021864,3440
861,delta-pack,null,null,897070456,3444
862,delta-pack,null,null,898119048,3448
863,delta-pack,null,null,899167640,3452
864,delta-pack,null,null,900216232,3456
865,delta-pack,null,null,901264824,3460
866,delta-pack,null,null,902313416,3464
867,delta-pack,null,null,903362008,3468
868,delta-pack,null,null,904410600,3472
869,delta-pack,null,null,905459192,3476
870,delta-pack,null,null,906507784,3480
871,delta-pack,null,null,907556376,3484
872,delta-pack,null,null,908604968,3488
873,delta-pack,null,null,909653560,3492
874,delta-pack,null,null,910702152,3496
875,delta-pack,null,null,911750744,3500
876,delta-pack,null,null,912799336,3504
877,delta-pack,null,null,913847928,3508
878,delta-pack,null,null,914896520,3512
879,delta-pack,null,null,915945112,3516
880,delta-pack,null,null,916993704,3520
881,delta-pack,null,null,918042296,3524
882,delta-pack,null,null,919090888,3528
883,delta-pack,null,null,920139480,3532
884,delta-pack,null,null,921188072,3536
885,delta-pack,null,null,922236664,3540
886,delta-pack,null,null,923285256,3544
887,delta-pack,null,null,924333848,3548
888,delta-pack,null,null,925382440,3552
889,delta-pack,null,null,926431032,3556
890,delta-pack,null,null,927479624,3560
891,delta-pack,null,null,928528216,3564
892,delta-pack,null,null,929576808,3568
893,delta-pack,null,null,930625400,3572
894,delta-pack,null,null,931673992,3576
895,delta-pack,null,null,932722584,3580
896,delta-pack,null,null,933771176,3584
897,delta-pack,null,null,934819768,3588
898,delta-pack,null,null,935868360,3592
899,delta-pack,null,null,936916952,3596
900,delta-pack,null,null,937965544,3600
901,delta-pack,null,null,939014136,3604
902,delta-pack,null,null,940062728,3608
903,delta-pack,null,null,941111320,3612
904,delta-pack,null,null,942159912,3616
905,delta-pack,null,null,943208504,3620
906,delta-pack,null,null,944257096,3624
907,delta-pack,null,null,945305688,3628
908,delta-pack,null,null,946354280,3632
909,delta-pack,null,null,947140724,3636
910,delta-pack,null,null,948189316,3640
911,delta-pack,null,null,949237908,3644
912,delta-pack,null,null,950286500,3648
913,delta-pack,null,null,951335092,3652
914,delta-pack,null,null,952383684,3656
915,delta-pack,null,null,953432276,3660
916,delta-pack,null,null,954480868,3664
917,delta-pack,null,null,955529460,3668
918,delta-pack,null,null,956578052,3672
919,delta-pack,null,null,957626644,3676
920,delta-pack,null,null,958675236,3680
921,delta-pack,null,null,959723828,3684
922,delta-pack,null,null,960772420,3688
923,delta-pack,null,null,961821012,3692
924,delta-pack,null,null,962869604,3696
925,delta-pack,null,null,963918196,3700
926,delta-pack,null,null,964966788,3704
927,delta-pack,null,null,966015380,3708
928,delta-pack,null,null,967063972,3712
929,delta-pack,null,null,967850416,3716
930,delta-pack,null,null,968899008,3720
931,delta-pack,null,null,969947600,3724
932,delta-pack,null,null,970996192,3728
933,delta-pack,null,null,972044784,3732
934,delta-pack,null,null,973093376,3736
935,delta-pack,null,null,974141968,3740
936,delta-pack,null,null,975190560,3744
937,delta-pack,null,null,976239152,3748
938,delta-pack,null,null,977287744,3752
939,delta-pack,null,null,978336336,3756
940,delta-pack,null,null,979384928,3760
941,delta-pack,null,null,980433520,3764
942,delta-pack,null,null,981482112,3768
943,delta-pack,null,null,982530704,3772
944,delta-pack,null,null,983579296,3776
945,delta-pack,null,null,984627888,3780
946,delta-pack,null,null,985676480,3784
947,delta-pack,null,null,986725072,3788
948,delta-pack,null,null,987773664,3792
949,delta-pack,null,null,988822256,3796
950,delta-pack,null,null,989870848,3800
951,delta-pack,null,null,990919440,3804
952,delta-pack,null,null,991968032,3808
953,delta-pack,null,null,993016624,3812
954,delta-pack,null,null,994065216,3816
955,delta-pack,null,null,995113808,3820
956,delta-pack,null,null,996162400,3824
957,delta-pack,null,null,996948844,3828
958,delta-pack,null,null,997997436,3832
959,delta-pack,null,null,999046028,3836
960,delta-pack,null,null,1000094620,3840
961,delta-pack,null,null,1001143212,3844
962,delta-pack,null,null,1002191804,3848
963,delta-pack,null,null,1003240396,3852
964,delta-pack,null,null,1004288988,3856
965,delta-pack,null,null,1005337580,3860
966,delta-pack,null,null,1006386172,3864
967,delta-pack,null,null,1007434764,3868
968,delta-pack,null,null,1008483356,3872
969,delta-pack,null,null,1009531948,3876
970,delta-pack,null,null,1010580540,3880
971,delta-pack,null,null,1011629132,3884
972,delta-pack,null,null,1012677724,3888
973,delta-pack,null,null,1013726316,3892
974,delta-pack,null,null,1014774908,3896
975,delta-pack,null,null,1015823500,3900
976,delta-pack,null,null,1016872092,3904
977,delta-pack,null,null,1017920684,3908
978,delta-pack,null,null,1018969276,3912
979,delta-pack,null,null,1020017868,3916
980,delta-pack,null,null,1021066460,3920
981,delta-pack,null,null,1022115052,3924
982,delta-pack,null,null,1023163644,3928
983,delta-pack,null,null,1024212236,3932
984,delta-pack,null,null,1025260828,3936
985,delta-pack,null,null,1026309420,3940
986,delta-pack,null,null,1027358012,3944
987,delta-pack,null,null,1028406604,3948
988,delta-pack,null,null,1029455196,3952
989,delta-pack,null,null,1030503788,3956
990,delta-pack,null,null,1031552380,3960
991,delta-pack,null,null,1032600972,3964
992,delta-pack,null,null,1033649564,3968
993,delta-pack,null,null,1034698156,3972
994,delta-pack,null,null,1035746748,3976
995,delta-pack,null,null,1036795340,3980
996,delta-pack,null,null,1037843932,3984
997,delta-pack,null,null,1038892524,3988
998,delta-pack,null,null,1039941116,3992
999,delta-pack,null,null,1040989708,3996
1000,delta-pack,1002,1042038300,1042038300,4000
1,chunk-exploded,7,1049219,1049219,8
2,chunk-exploded,null,null,2098920,16
3,chunk-exploded,null,null,3149107,24
4,chunk-exploded,null,null,3937150,31
5,chunk-exploded,null,null,4987459,39
6,chunk-exploded,null,null,5775624,46
7,chunk-exploded,null,null,6563911,53
8,chunk-exploded,null,null,7352198,60
9,chunk-exploded,null,null,8402751,68
10,chunk-exploded,20,4458670,9453549,76
11,chunk-exploded,null,null,10504591,84
12,chunk-exploded,null,null,11555633,92
13,chunk-exploded,null,null,12606797,100
14,chunk-exploded,null,null,13657961,108
15,chunk-exploded,null,null,14709247,116
16,chunk-exploded,null,null,15760533,124
17,chunk-exploded,null,null,16812063,132
18,chunk-exploded,null,null,17863715,140
19,chunk-exploded,null,null,18915367,148
20,chunk-exploded,null,null,19967141,156
21,chunk-exploded,null,null,21018915,164
22,chunk-exploded,null,null,21808545,171
23,chunk-exploded,null,null,22860685,179
24,chunk-exploded,null,null,23912947,187
25,chunk-exploded,null,null,24965327,195
26,chunk-exploded,null,null,26017707,203
27,chunk-exploded,null,null,27070087,211
28,chunk-exploded,null,null,28122467,219
29,chunk-exploded,null,null,28912703,226
30,chunk-exploded,null,null,29965205,234
31,chunk-exploded,null,null,31017829,242
32,chunk-exploded,null,null,32070575,250
33,chunk-exploded,null,null,33123321,258
34,chunk-exploded,null,null,33913923,265
35,chunk-exploded,null,null,34966669,273
36,chunk-exploded,null,null,36019659,281
37,chunk-exploded,null,null,37072773,289
38,chunk-exploded,null,null,38126009,297
39,chunk-exploded,null,null,39179367,305
40,chunk-exploded,null,null,40232725,313
41,chunk-exploded,null,null,41286325,321
42,chunk-exploded,null,null,42340047,329
43,chunk-exploded,null,null,43393891,337
44,chunk-exploded,null,null,44447857,345
45,chunk-exploded,null,null,45501945,353
46,chunk-exploded,null,null,46556399,361
47,chunk-exploded,null,null,47610975,369
48,chunk-exploded,null,null,48665551,377
49,chunk-exploded,null,null,49720249,385
50,chunk-exploded,null,null,50775189,393
51,chunk-exploded,null,null,51830373,401
52,chunk-exploded,null,null,52885679,409
53,chunk-exploded,null,null,53940985,417
54,chunk-exploded,null,null,54996411,425
55,chunk-exploded,null,null,56052081,433
56,chunk-exploded,null,null,57107871,441
57,chunk-exploded,null,null,58163661,449
58,chunk-exploded,null,null,59219451,457
59,chunk-exploded,null,null,60275363,465
60,chunk-exploded,null,null,61331397,473
61,chunk-exploded,null,null,62387553,481
62,chunk-exploded,null,null,63443709,489
63,chunk-exploded,null,null,64499865,497
64,chunk-exploded,null,null,65556021,505
65,chunk-exploded,null,null,66612299,513
66,chunk-exploded,null,null,67668821,521
67,chunk-exploded,null,null,68725343,529
68,chunk-exploded,null,null,69781865,537
69,chunk-exploded,null,null,70838509,545
70,chunk-exploded,null,null,71895153,553
71,chunk-exploded,null,null,72951797,561
72,chunk-exploded,null,null,73746297,568
73,chunk-exploded,null,null,74540797,575
74,chunk-exploded,null,null,75597563,583
75,chunk-exploded,null,null,76654329,591
76,chunk-exploded,null,null,77711337,599
77,chunk-exploded,null,null,78768467,607
78,chunk-exploded,null,null,79825597,615
79,chunk-exploded,null,null,80882727,623
80,chunk-exploded,null,null,81939857,631
81,chunk-exploded,null,null,82996987,639
82,chunk-exploded,null,null,84054239,647
83,chunk-exploded,null,null,85111613,655
84,chunk-exploded,null,null,86168987,663
85,chunk-exploded,null,null,87226483,671
86,chunk-exploded,null,null,88284223,679
87,chunk-exploded,null,null,89342329,687
88,chunk-exploded,null,null,90400557,695
89,chunk-exploded,null,null,91458785,703
90,chunk-exploded,null,null,92517013,711
91,chunk-exploded,null,null,93575607,719
92,chunk-exploded,null,null,94634323,727
93,chunk-exploded,null,null,95431017,734
94,chunk-exploded,null,null,96490099,742
95,chunk-exploded,null,null,97549181,750
96,chunk-exploded,null,null,98608385,758
97,chunk-exploded,null,null,99667711,766
98,chunk-exploded,null,null,100727157,774
99,chunk-exploded,null,null,101786847,782
100,chunk-exploded,93,23604075,102846538,790
101,chunk-exploded,null,null,103906351,798
102,chunk-exploded,null,null,104966408,806
103,chunk-exploded,null,null,106026587,814
104,chunk-exploded,null,null,107086766,822
105,chunk-exploded,null,null,108147189,830
106,chunk-exploded,null,null,109207734,838
107,chunk-exploded,null,null,110268279,846
108,chunk-exploded,null,null,111328824,854
109,chunk-exploded,null,null,112127347,861
110,chunk-exploded,null,null,113188256,869
111,chunk-exploded,null,null,114249287,877
112,chunk-exploded,null,null,115310440,885
113,chunk-exploded,null,null,116371837,893
114,chunk-exploded,null,null,117433358,901
115,chunk-exploded,null,null,118495001,909
116,chunk-exploded,null,null,119556888,917
117,chunk-exploded,null,null,120619017,925
118,chunk-exploded,null,null,121681146,933
119,chunk-exploded,null,null,122743275,941
120,chunk-exploded,null,null,123805404,949
121,chunk-exploded,null,null,124867777,957
122,chunk-exploded,null,null,125930150,965
123,chunk-exploded,null,null,126992767,973
124,chunk-exploded,null,null,128055504,981
125,chunk-exploded,null,null,129118241,989
126,chunk-exploded,null,null,130181100,997
127,chunk-exploded,null,null,131244203,1005
128,chunk-exploded,null,null,132307428,1013
129,chunk-exploded,null,null,133370653,1021
130,chunk-exploded,null,null,134433878,1029
131,chunk-exploded,null,null,135497103,1037
132,chunk-exploded,null,null,136560328,1045
133,chunk-exploded,null,null,137623675,1053
134,chunk-exploded,null,null,138687022,1061
135,chunk-exploded,null,null,139750491,1069
136,chunk-exploded,null,null,140813960,1077
137,chunk-exploded,null,null,141877551,1085
138,chunk-exploded,null,null,142941142,1093
139,chunk-exploded,null,null,144004733,1101
140,chunk-exploded,null,null,145068324,1109
141,chunk-exploded,null,null,146131915,1117
142,chunk-exploded,null,null,147195628,1125
143,chunk-exploded,null,null,148259341,1133
144,chunk-exploded,null,null,149323176,1141
145,chunk-exploded,null,null,150387011,1149
146,chunk-exploded,null,null,151450966,1157
147,chunk-exploded,null,null,152252897,1164
148,chunk-exploded,null,null,153317094,1172
149,chunk-exploded,null,null,154381535,1180
150,chunk-exploded,null,null,155446098,1188
151,chunk-exploded,null,null,156510661,1196
152,chunk-exploded,null,null,157575466,1204
153,chunk-exploded,null,null,158378127,1211
154,chunk-exploded,null,null,159443174,1219
155,chunk-exploded,null,null,160508465,1227
156,chunk-exploded,null,null,161573998,1235
157,chunk-exploded,null,null,162639775,1243
158,chunk-exploded,null,null,163705552,1251
159,chunk-exploded,null,null,164771451,1259
160,chunk-exploded,null,null,165837472,1267
161,chunk-exploded,null,null,166903615,1275
162,chunk-exploded,null,null,167969880,1283
163,chunk-exploded,null,null,169036145,1291
164,chunk-exploded,null,null,170102530,1299
165,chunk-exploded,null,null,171168915,1307
166,chunk-exploded,null,null,172235666,1315
167,chunk-exploded,null,null,173302537,1323
168,chunk-exploded,null,null,174369530,1331
169,chunk-exploded,null,null,175436523,1339
170,chunk-exploded,null,null,176503638,1347
171,chunk-exploded,null,null,177570997,1355
172,chunk-exploded,null,null,178638478,1363
173,chunk-exploded,null,null,179706203,1371
174,chunk-exploded,null,null,180774292,1379
175,chunk-exploded,null,null,181842503,1387
176,chunk-exploded,null,null,182910714,1395
177,chunk-exploded,null,null,183979171,1403
178,chunk-exploded,null,null,184785726,1410
179,chunk-exploded,null,null,185854425,1418
180,chunk-exploded,null,null,186923124,1426
181,chunk-exploded,null,null,187992189,1434
182,chunk-exploded,null,null,189061254,1442
183,chunk-exploded,null,null,190130807,1450
184,chunk-exploded,null,null,191200360,1458
185,chunk-exploded,null,null,192270281,1466
186,chunk-exploded,null,null,193340202,1474
187,chunk-exploded,null,null,194410245,1482
188,chunk-exploded,null,null,195480410,1490
189,chunk-exploded,null,null,196550819,1498
190,chunk-exploded,null,null,197621350,1506
191,chunk-exploded,null,null,198692125,1514
192,chunk-exploded,null,null,199763024,1522
193,chunk-exploded,null,null,200833923,1530
194,chunk-exploded,null,null,201904822,1538
195,chunk-exploded,null,null,202976085,1546
196,chunk-exploded,null,null,204047470,1554
197,chunk-exploded,null,null,205118855,1562
198,chunk-exploded,null,null,206190240,1570
199,chunk-exploded,null,null,207261625,1578
200,chunk-exploded,null,null,208333132,1586
201,chunk-exploded,null,null,209404639,1594
202,chunk-exploded,null,null,210476146,1602
203,chunk-exploded,null,null,211547775,1610
204,chunk-exploded,null,null,212619404,1618
205,chunk-exploded,null,null,213691033,1626
206,chunk-exploded,null,null,214762784,1634
207,chunk-exploded,null,null,215834779,1642
208,chunk-exploded,null,null,216906774,1650
209,chunk-exploded,null,null,217978769,1658
210,chunk-exploded,null,null,219050886,1666
211,chunk-exploded,null,null,220123247,1674
212,chunk-exploded,null,null,221195852,1682
213,chunk-exploded,null,null,222268577,1690
214,chunk-exploded,null,null,223341546,1698
215,chunk-exploded,null,null,224414759,1706
216,chunk-exploded,null,null,225487972,1714
217,chunk-exploded,null,null,226561185,1722
218,chunk-exploded,null,null,227634764,1730
219,chunk-exploded,null,null,228708587,1738
220,chunk-exploded,null,null,229782532,1746
221,chunk-exploded,null,null,230856599,1754
222,chunk-exploded,null,null,231930788,1762
223,chunk-exploded,null,null,233005221,1770
224,chunk-exploded,null,null,234079654,1778
225,chunk-exploded,null,null,235154087,1786
226,chunk-exploded,null,null,236228520,1794
227,chunk-exploded,null,null,237302953,1802
228,chunk-exploded,null,null,238377386,1810
229,chunk-exploded,null,null,239451941,1818
230,chunk-exploded,null,null,240526618,1826
231,chunk-exploded,null,null,241601417,1834
232,chunk-exploded,null,null,242676216,1842
233,chunk-exploded,null,null,243751137,1850
234,chunk-exploded,null,null,244826422,1858
235,chunk-exploded,null,null,245901707,1866
236,chunk-exploded,null,null,246976992,1874
237,chunk-exploded,null,null,248052521,1882
238,chunk-exploded,null,null,249128170,1890
239,chunk-exploded,null,null,250203819,1898
240,chunk-exploded,null,null,251279468,1906
241,chunk-exploded,null,null,252355239,1914
242,chunk-exploded,null,null,253431010,1922
243,chunk-exploded,null,null,254506903,1930
244,chunk-exploded,null,null,255582918,1938
245,chunk-exploded,null,null,256658933,1946
246,chunk-exploded,null,null,257734948,1954
247,chunk-exploded,null,null,258810963,1962
248,chunk-exploded,null,null,259887222,1970
249,chunk-exploded,null,null,260963481,1978
250,chunk-exploded,null,null,262039862,1986
251,chunk-exploded,null,null,263116365,1994
252,chunk-exploded,null,null,264192868,2002
253,chunk-exploded,null,null,265269493,2010
254,chunk-exploded,null,null,266346362,2018
255,chunk-exploded,null,null,267423231,2026
256,chunk-exploded,null,null,268237956,2033
257,chunk-exploded,null,null,269315069,2041
258,chunk-exploded,null,null,270392304,2049
259,chunk-exploded,null,null,271469539,2057
260,chunk-exploded,null,null,272546896,2065
261,chunk-exploded,null,null,273624253,2073
262,chunk-exploded,null,null,274701610,2081
263,chunk-exploded,null,null,275778967,2089
264,chunk-exploded,null,null,276856324,2097
265,chunk-exploded,null,null,277933681,2105
266,chunk-exploded,null,null,279011282,2113
267,chunk-exploded,null,null,280088883,2121
268,chunk-exploded,null,null,281166484,2129
269,chunk-exploded,null,null,282244207,2137
270,chunk-exploded,null,null,283321930,2145
271,chunk-exploded,null,null,284137631,2152
272,chunk-exploded,null,null,285215598,2160
273,chunk-exploded,null,null,286293687,2168
274,chunk-exploded,null,null,287371898,2176
275,chunk-exploded,null,null,288450109,2184
276,chunk-exploded,null,null,289528320,2192
277,chunk-exploded,null,null,290606531,2200
278,chunk-exploded,null,null,291684742,2208
279,chunk-exploded,null,null,292763197,2216
280,chunk-exploded,null,null,293841652,2224
281,chunk-exploded,null,null,294920229,2232
282,chunk-exploded,null,null,295998806,2240
283,chunk-exploded,null,null,297077745,2248
284,chunk-exploded,null,null,298156806,2256
285,chunk-exploded,null,null,299235867,2264
286,chunk-exploded,null,null,300314928,2272
287,chunk-exploded,null,null,301394233,2280
288,chunk-exploded,null,null,302473660,2288
289,chunk-exploded,null,null,303553209,2296
290,chunk-exploded,null,null,304632758,2304
291,chunk-exploded,null,null,305712307,2312
292,chunk-exploded,null,null,306791856,2320
293,chunk-exploded,null,null,307871527,2328
294,chunk-exploded,null,null,308951198,2336
295,chunk-exploded,null,null,310030991,2344
296,chunk-exploded,null,null,311110784,2352
297,chunk-exploded,null,null,312190699,2360
298,chunk-exploded,null,null,313270858,2368
299,chunk-exploded,null,null,314351017,2376
300,chunk-exploded,null,null,315431176,2384
301,chunk-exploded,null,null,316511335,2392
302,chunk-exploded,null,null,317591494,2400
303,chunk-exploded,null,null,318671653,2408
304,chunk-exploded,null,null,319752056,2416
305,chunk-exploded,null,null,320832459,2424
306,chunk-exploded,null,null,321912980,2432
307,chunk-exploded,null,null,322993623,2440
308,chunk-exploded,null,null,324074266,2448
309,chunk-exploded,null,null,325155031,2456
310,chunk-exploded,null,null,326235796,2464
311,chunk-exploded,null,null,327316683,2472
312,chunk-exploded,null,null,328397570,2480
313,chunk-exploded,null,null,329216313,2487
314,chunk-exploded,null,null,330297322,2495
315,chunk-exploded,null,null,331378453,2503
316,chunk-exploded,null,null,332459584,2511
317,chunk-exploded,null,null,333540715,2519
318,chunk-exploded,null,null,334622210,2527
319,chunk-exploded,null,null,335703705,2535
320,chunk-exploded,null,null,336785200,2543
321,chunk-exploded,null,null,337866695,2551
322,chunk-exploded,null,null,338948310,2559
323,chunk-exploded,null,null,340030169,2567
324,chunk-exploded,null,null,341112028,2575
325,chunk-exploded,null,null,342193887,2583
326,chunk-exploded,null,null,343275746,2591
327,chunk-exploded,null,null,344357605,2599
328,chunk-exploded,null,null,345439586,2607
329,chunk-exploded,null,null,346521689,2615
330,chunk-exploded,null,null,347603914,2623
331,chunk-exploded,null,null,348686261,2631
332,chunk-exploded,null,null,349768608,2639
333,chunk-exploded,null,null,350851199,2647
334,chunk-exploded,null,null,351933912,2655
335,chunk-exploded,null,null,353016869,2663
336,chunk-exploded,null,null,354099948,2671
337,chunk-exploded,null,null,355183027,2679
338,chunk-exploded,null,null,356266106,2687
339,chunk-exploded,null,null,357087041,2694
340,chunk-exploded,null,null,358170120,2702
341,chunk-exploded,null,null,359253199,2710
342,chunk-exploded,null,null,360336400,2718
343,chunk-exploded,null,null,361419723,2726
344,chunk-exploded,null,null,362503168,2734
345,chunk-exploded,null,null,363586735,2742
346,chunk-exploded,null,null,364670546,2750
347,chunk-exploded,null,null,365754479,2758
348,chunk-exploded,null,null,366838534,2766
349,chunk-exploded,null,null,367922589,2774
350,chunk-exploded,null,null,369006644,2782
351,chunk-exploded,null,null,370090821,2790
352,chunk-exploded,null,null,371174998,2798
353,chunk-exploded,null,null,372259297,2806
354,chunk-exploded,null,null,373343596,2814
355,chunk-exploded,null,null,374428017,2822
356,chunk-exploded,null,null,375512560,2830
357,chunk-exploded,null,null,376597225,2838
358,chunk-exploded,null,null,377682012,2846
359,chunk-exploded,null,null,378766799,2854
360,chunk-exploded,null,null,379851830,2862
361,chunk-exploded,null,null,380936861,2870
362,chunk-exploded,null,null,382021892,2878
363,chunk-exploded,null,null,383107165,2886
364,chunk-exploded,null,null,384192560,2894
365,chunk-exploded,null,null,385277955,2902
366,chunk-exploded,null,null,386363350,2910
367,chunk-exploded,null,null,387448745,2918
368,chunk-exploded,null,null,388534382,2926
369,chunk-exploded,null,null,389620019,2934
370,chunk-exploded,null,null,390705778,2942
371,chunk-exploded,null,null,391791659,2950
372,chunk-exploded,null,null,392877662,2958
373,chunk-exploded,null,null,393963787,2966
374,chunk-exploded,null,null,395050154,2974
375,chunk-exploded,null,null,396136643,2982
376,chunk-exploded,null,null,397223132,2990
377,chunk-exploded,null,null,398309621,2998
378,chunk-exploded,null,null,399396232,3006
379,chunk-exploded,null,null,400482843,3014
380,chunk-exploded,null,null,401569454,3022
381,chunk-exploded,null,null,402656309,3030
382,chunk-exploded,null,null,403743286,3038
383,chunk-exploded,null,null,404830385,3046
384,chunk-exploded,null,null,405917484,3054
385,chunk-exploded,null,null,407004583,3062
386,chunk-exploded,null,null,408091682,3070
387,chunk-exploded,null,null,409178903,3078
388,chunk-exploded,null,null,410266246,3086
389,chunk-exploded,null,null,411353711,3094
390,chunk-exploded,null,null,412441298,3102
391,chunk-exploded,null,null,413528885,3110
392,chunk-exploded,null,null,414616594,3118
393,chunk-exploded,null,null,415704425,3126
394,chunk-exploded,null,null,416792378,3134
395,chunk-exploded,null,null,417880451,3142
396,chunk-exploded,null,null,418968642,3150
397,chunk-exploded,null,null,420056955,3158
398,chunk-exploded,null,null,421145390,3166
399,chunk-exploded,null,null,422233947,3174
400,chunk-exploded,null,null,423322746,3182
401,chunk-exploded,null,null,424411545,3190
402,chunk-exploded,null,null,425500588,3198
403,chunk-exploded,null,null,426327487,3205
404,chunk-exploded,null,null,427416652,3213
405,chunk-exploded,null,null,428505817,3221
406,chunk-exploded,null,null,429595226,3229
407,chunk-exploded,null,null,430684757,3237
408,chunk-exploded,null,null,431774410,3245
409,chunk-exploded,null,null,432864185,3253
410,chunk-exploded,null,null,433954082,3261
411,chunk-exploded,null,null,435044101,3269
412,chunk-exploded,null,null,436134242,3277
413,chunk-exploded,null,null,437224505,3285
414,chunk-exploded,null,null,438314890,3293
415,chunk-exploded,null,null,439405275,3301
416,chunk-exploded,null,null,440495660,3309
417,chunk-exploded,null,null,441586045,3317
418,chunk-exploded,null,null,442676552,3325
419,chunk-exploded,null,null,443767181,3333
420,chunk-exploded,null,null,444857932,3341
421,chunk-exploded,null,null,445948927,3349
422,chunk-exploded,null,null,447040166,3357
423,chunk-exploded,null,null,448131405,3365
424,chunk-exploded,null,null,449222644,3373
425,chunk-exploded,null,null,450314005,3381
426,chunk-exploded,null,null,451405366,3389
427,chunk-exploded,null,null,452496727,3397
428,chunk-exploded,null,null,453588088,3405
429,chunk-exploded,null,null,454679571,3413
430,chunk-exploded,null,null,455771176,3421
431,chunk-exploded,null,null,456862903,3429
432,chunk-exploded,null,null,457954750,3437
433,chunk-exploded,null,null,459046719,3445
434,chunk-exploded,null,null,459876544,3452
435,chunk-exploded,null,null,460968513,3460
436,chunk-exploded,null,null,462060604,3468
437,chunk-exploded,null,null,463152939,3476
438,chunk-exploded,null,null,464245274,3484
439,chunk-exploded,null,null,465337609,3492
440,chunk-exploded,null,null,466430064,3500
441,chunk-exploded,null,null,467522519,3508
442,chunk-exploded,null,null,468615096,3516
443,chunk-exploded,null,null,469707795,3524
444,chunk-exploded,null,null,470800616,3532
445,chunk-exploded,null,null,471893561,3540
446,chunk-exploded,null,null,472986628,3548
447,chunk-exploded,null,null,474079695,3556
448,chunk-exploded,null,null,475172762,3564
449,chunk-exploded,null,null,476265951,3572
450,chunk-exploded,null,null,477359140,3580
451,chunk-exploded,null,null,478452451,3588
452,chunk-exploded,null,null,479545884,3596
453,chunk-exploded,null,null,480639317,3604
454,chunk-exploded,null,null,481732750,3612
455,chunk-exploded,null,null,482826183,3620
456,chunk-exploded,null,null,483919738,3628
457,chunk-exploded,null,null,485013415,3636
458,chunk-exploded,null,null,486107092,3644
459,chunk-exploded,null,null,487200891,3652
460,chunk-exploded,null,null,488294812,3660
461,chunk-exploded,null,null,489388977,3668
462,chunk-exploded,null,null,490483142,3676
463,chunk-exploded,null,null,491577307,3684
464,chunk-exploded,null,null,492671594,3692
465,chunk-exploded,null,null,493765881,3700
466,chunk-exploded,null,null,494860290,3708
467,chunk-exploded,null,null,495954699,3716
468,chunk-exploded,null,null,497049230,3724
469,chunk-exploded,null,null,498144005,3732
470,chunk-exploded,null,null,499239024,3740
471,chunk-exploded,null,null,500334043,3748
472,chunk-exploded,null,null,501429184,3756
473,chunk-exploded,null,null,502524567,3764
474,chunk-exploded,null,null,503620194,3772
475,chunk-exploded,null,null,504715943,3780
476,chunk-exploded,null,null,505811692,3788
477,chunk-exploded,null,null,506907563,3796
478,chunk-exploded,null,null,508003556,3804
479,chunk-exploded,null,null,509099549,3812
480,chunk-exploded,null,null,510195662,3820
481,chunk-exploded,null,null,511291775,3828
482,chunk-exploded,null,null,512387888,3836
483,chunk-exploded,null,null,513484121,3844
484,chunk-exploded,null,null,514580354,3852
485,chunk-exploded,null,null,515676587,3860
486,chunk-exploded,null,null,516772942,3868
487,chunk-exploded,null,null,517869297,3876
488,chunk-exploded,null,null,518965774,3884
489,chunk-exploded,null,null,520062495,3892
490,chunk-exploded,null,null,521159338,3900
491,chunk-exploded,null,null,522256303,3908
492,chunk-exploded,null,null,523353390,3916
493,chunk-exploded,null,null,524188333,3923
494,chunk-exploded,null,null,525285542,3931
495,chunk-exploded,null,null,526382751,3939
496,chunk-exploded,null,null,527479960,3947
497,chunk-exploded,null,null,528577291,3955
498,chunk-exploded,null,null,529674866,3963
499,chunk-exploded,null,null,530772441,3971
500,chunk-exploded,404,105168743,531870016,3979
501,chunk-exploded,null,null,532967591,3987
502,chunk-exploded,null,null,534065166,3995
503,chunk-exploded,null,null,535162741,4003
504,chunk-exploded,null,null,536260316,4011
505,chunk-exploded,null,null,537357891,4019
506,chunk-exploded,null,null,538455466,4027
507,chunk-exploded,null,null,539553041,4035
508,chunk-exploded,null,null,540650616,4043
509,chunk-exploded,null,null,541748191,4051
510,chunk-exploded,null,null,542583622,4058
511,chunk-exploded,null,null,543681197,4066
512,chunk-exploded,null,null,544778772,4074
513,chunk-exploded,null,null,545876347,4082
514,chunk-exploded,null,null,546973922,4090
515,chunk-exploded,null,null,548071497,4098
516,chunk-exploded,null,null,549169072,4106
517,chunk-exploded,null,null,550266647,4114
518,chunk-exploded,null,null,551364222,4122
519,chunk-exploded,null,null,552461797,4130
520,chunk-exploded,null,null,553559372,4138
521,chunk-exploded,null,null,554656947,4146
522,chunk-exploded,null,null,555754522,4154
523,chunk-exploded,null,null,556852097,4162
524,chunk-exploded,null,null,557949672,4170
525,chunk-exploded,null,null,559047247,4178
526,chunk-exploded,null,null,560144822,4186
527,chunk-exploded,null,null,561242397,4194
528,chunk-exploded,null,null,562339972,4202
529,chunk-exploded,null,null,563437547,4210
530,chunk-exploded,null,null,564535122,4218
531,chunk-exploded,null,null,565632697,4226
532,chunk-exploded,null,null,566730272,4234
533,chunk-exploded,null,null,567827847,4242
534,chunk-exploded,null,null,568925422,4250
535,chunk-exploded,null,null,570022997,4258
536,chunk-exploded,null,null,571120572,4266
537,chunk-exploded,null,null,572218147,4274
538,chunk-exploded,null,null,573315722,4282
539,chunk-exploded,null,null,574413297,4290
540,chunk-exploded,null,null,575510872,4298
541,chunk-exploded,null,null,576608447,4306
542,chunk-exploded,null,null,577706022,4314
543,chunk-exploded,null,null,578803597,4322
544,chunk-exploded,null,null,579901172,4330
545,chunk-exploded,null,null,580998747,4338
546,chunk-exploded,null,null,582096322,4346
547,chunk-exploded,null,null,583193897,4354
548,chunk-exploded,null,null,584291472,4362
549,chunk-exploded,null,null,585389047,4370
550,chunk-exploded,null,null,586486622,4378
551,chunk-exploded,null,null,587584197,4386
552,chunk-exploded,null,null,588681772,4394
553,chunk-exploded,null,null,589779347,4402
554,chunk-exploded,null,null,590876922,4410
555,chunk-exploded,null,null,591974497,4418
556,chunk-exploded,null,null,593072072,4426
557,chunk-exploded,null,null,594169647,4434
558,chunk-exploded,null,null,595267222,4442
559,chunk-exploded,null,null,596364797,4450
560,chunk-exploded,null,null,597462372,4458
561,chunk-exploded,null,null,598559947,4466
562,chunk-exploded,null,null,599657522,4474
563,chunk-exploded,null,null,600755097,4482
564,chunk-exploded,null,null,601852672,4490
565,chunk-exploded,null,null,602950247,4498
566,chunk-exploded,null,null,604047822,4506
567,chunk-exploded,null,null,605145397,4514
568,chunk-exploded,null,null,606242972,4522
569,chunk-exploded,null,null,607340547,4530
570,chunk-exploded,null,null,608438122,4538
571,chunk-exploded,null,null,609535697,4546
572,chunk-exploded,null,null,610633272,4554
573,chunk-exploded,null,null,611730847,4562
574,chunk-exploded,null,null,612828422,4570
575,chunk-exploded,null,null,613925997,4578
576,chunk-exploded,null,null,615023572,4586
577,chunk-exploded,null,null,616121147,4594
578,chunk-exploded,null,null,617218722,4602
579,chunk-exploded,null,null,618316297,4610
580,chunk-exploded,null,null,619413872,4618
581,chunk-exploded,null,null,620511447,4626
582,chunk-exploded,null,null,621609022,4634
583,chunk-exploded,null,null,622706597,4642
584,chunk-exploded,null,null,623804172,4650
585,chunk-exploded,null,null,624901747,4658
586,chunk-exploded,null,null,625999322,4666
587,chunk-exploded,null,null,627096897,4674
588,chunk-exploded,null,null,628194472,4682
589,chunk-exploded,null,null,629292047,4690
590,chunk-exploded,null,null,630389622,4698
591,chunk-exploded,null,null,631487197,4706
592,chunk-exploded,null,null,632584772,4714
593,chunk-exploded,null,null,633682347,4722
594,chunk-exploded,null,null,634779922,4730
595,chunk-exploded,null,null,635877497,4738
596,chunk-exploded,null,null,636975072,4746
597,chunk-exploded,null,null,638072647,4754
598,chunk-exploded,null,null,639170222,4762
599,chunk-exploded,null,null,640267797,4770
600,chunk-exploded,null,null,641365372,4778
601,chunk-exploded,null,null,642462947,4786
602,chunk-exploded,null,null,643560522,4794
603,chunk-exploded,null,null,644658097,4802
604,chunk-exploded,null,null,645755672,4810
605,chunk-exploded,null,null,646853247,4818
606,chunk-exploded,null,null,647950822,4826
607,chunk-exploded,null,null,649048397,4834
608,chunk-exploded,null,null,650145972,4842
609,chunk-exploded,null,null,651243547,4850
610,chunk-exploded,null,null,652341122,4858
611,chunk-exploded,null,null,653438697,4866
612,chunk-exploded,null,null,654536272,4874
613,chunk-exploded,null,null,655633847,4882
614,chunk-exploded,null,null,656731422,4890
615,chunk-exploded,null,null,657828997,4898
616,chunk-exploded,null,null,658926572,4906
617,chunk-exploded,null,null,660024147,4914
618,chunk-exploded,null,null,661121722,4922
619,chunk-exploded,null,null,662219297,4930
620,chunk-exploded,null,null,663316872,4938
621,chunk-exploded,null,null,664414447,4946
622,chunk-exploded,null,null,665512022,4954
623,chunk-exploded,null,null,666609597,4962
624,chunk-exploded,null,null,667707172,4970
625,chunk-exploded,null,null,668804747,4978
626,chunk-exploded,null,null,669902322,4986
627,chunk-exploded,null,null,670999897,4994
628,chunk-exploded,null,null,672097472,5002
629,chunk-exploded,null,null,673195047,5010
630,chunk-exploded,null,null,674292622,5018
631,chunk-exploded,null,null,675390197,5026
632,chunk-exploded,null,null,676487772,5034
633,chunk-exploded,null,null,677585347,5042
634,chunk-exploded,null,null,678682922,5050
635,chunk-exploded,null,null,679780497,5058
636,chunk-exploded,null,null,680878072,5066
637,chunk-exploded,null,null,681975647,5074
638,chunk-exploded,null,null,683073222,5082
639,chunk-exploded,null,null,684170797,5090
640,chunk-exploded,null,null,685268372,5098
641,chunk-exploded,null,null,686365947,5106
642,chunk-exploded,null,null,687463522,5114
643,chunk-exploded,null,null,688561097,5122
644,chunk-exploded,null,null,689658672,5130
645,chunk-exploded,null,null,690756247,5138
646,chunk-exploded,null,null,691853822,5146
647,chunk-exploded,null,null,692951397,5154
648,chunk-exploded,null,null,694048972,5162
649,chunk-exploded,null,null,695146547,5170
650,chunk-exploded,null,null,696244122,5178
651,chunk-exploded,null,null,697341697,5186
652,chunk-exploded,null,null,698439272,5194
653,chunk-exploded,null,null,699536847,5202
654,chunk-exploded,null,null,700634422,5210
655,chunk-exploded,null,null,701731997,5218
656,chunk-exploded,null,null,702829572,5226
657,chunk-exploded,null,null,703927147,5234
658,chunk-exploded,null,null,705024722,5242
659,chunk-exploded,null,null,706122297,5250
660,chunk-exploded,null,null,707219872,5258
661,chunk-exploded,null,null,708317447,5266
662,chunk-exploded,null,null,709415022,5274
663,chunk-exploded,null,null,710512597,5282
664,chunk-exploded,null,null,711610172,5290
665,chunk-exploded,null,null,712707747,5298
666,chunk-exploded,null,null,713805322,5306
667,chunk-exploded,null,null,714902897,5314
668,chunk-exploded,null,null,716000472,5322
669,chunk-exploded,null,null,717098047,5330
670,chunk-exploded,null,null,718195622,5338
671,chunk-exploded,null,null,719293197,5346
672,chunk-exploded,null,null,720390772,5354
673,chunk-exploded,null,null,721488347,5362
674,chunk-exploded,null,null,722585922,5370
675,chunk-exploded,null,null,723683497,5378
676,chunk-exploded,null,null,724781072,5386
677,chunk-exploded,null,null,725878647,5394
678,chunk-exploded,null,null,726976222,5402
679,chunk-exploded,null,null,728073797,5410
680,chunk-exploded,null,null,729171372,5418
681,chunk-exploded,null,null,730268947,5426
682,chunk-exploded,null,null,731366522,5434
683,chunk-exploded,null,null,732464097,5442
684,chunk-exploded,null,null,733561672,5450
685,chunk-exploded,null,null,734659247,5458
686,chunk-exploded,null,null,735756822,5466
687,chunk-exploded,null,null,736854397,5474
688,chunk-exploded,null,null,737951972,5482
689,chunk-exploded,null,null,739049547,5490
690,chunk-exploded,null,null,740147122,5498
691,chunk-exploded,null,null,741244697,5506
692,chunk-exploded,null,null,742342272,5514
693,chunk-exploded,null,null,743439847,5522
694,chunk-exploded,null,null,744537422,5530
695,chunk-exploded,null,null,745634997,5538
696,chunk-exploded,null,null,746732572,5546
697,chunk-exploded,null,null,747830147,5554
698,chunk-exploded,null,null,748927722,5562
699,chunk-exploded,null,null,750025297,5570
700,chunk-exploded,null,null,751122872,5578
701,chunk-exploded,null,null,752220447,5586
702,chunk-exploded,null,null,753318022,5594
703,chunk-exploded,null,null,754415597,5602
704,chunk-exploded,null,null,755513172,5610
705,chunk-exploded,null,null,756610747,5618
706,chunk-exploded,null,null,757708322,5626
707,chunk-exploded,null,null,758805897,5634
708,chunk-exploded,null,null,759903472,5642
709,chunk-exploded,null,null,761001047,5650
710,chunk-exploded,null,null,762098622,5658
711,chunk-exploded,null,null,763196197,5666
712,chunk-exploded,null,null,764293772,5674
713,chunk-exploded,null,null,765391347,5682
714,chunk-exploded,null,null,766488922,5690
715,chunk-exploded,null,null,767586497,5698
716,chunk-exploded,null,null,768684072,5706
717,chunk-exploded,null,null,769781647,5714
718,chunk-exploded,null,null,770879222,5722
719,chunk-exploded,null,null,771976797,5730
720,chunk-exploded,null,null,773074372,5738
721,chunk-exploded,null,null,774171947,5746
722,chunk-exploded,null,null,775269522,5754
723,chunk-exploded,null,null,776367097,5762
724,chunk-exploded,null,null,777464672,5770
725,chunk-exploded,null,null,778562247,5778
726,chunk-exploded,null,null,779659822,5786
727,chunk-exploded,null,null,780757397,5794
728,chunk-exploded,null,null,781854972,5802
729,chunk-exploded,null,null,782952547,5810
730,chunk-exploded,null,null,784050122,5818
731,chunk-exploded,null,null,785147697,5826
732,chunk-exploded,null,null,786245272,5834
733,chunk-exploded,null,null,787342847,5842
734,chunk-exploded,null,null,788440422,5850
735,chunk-exploded,null,null,789537997,5858
736,chunk-exploded,null,null,790635572,5866
737,chunk-exploded,null,null,791733147,5874
738,chunk-exploded,null,null,792830722,5882
739,chunk-exploded,null,null,793928297,5890
740,chunk-exploded,null,null,795025872,5898
741,chunk-exploded,null,null,796123447,5906
742,chunk-exploded,null,null,797221022,5914
743,chunk-exploded,null,null,798318597,5922
744,chunk-exploded,null,null,799416172,5930
745,chunk-exploded,null,null,800513747,5938
746,chunk-exploded,null,null,801611322,5946
747,chunk-exploded,null,null,802708897,5954
748,chunk-exploded,null,null,803806472,5962
749,chunk-exploded,null,null,804904047,5970
750,chunk-exploded,404,105168743,806001622,5978
751,chunk-exploded,null,null,807099197,5986
752,chunk-exploded,null,null,808196772,5994
753,chunk-exploded,null,null,809294347,6002
754,chunk-exploded,null,null,810391922,6010
755,chunk-exploded,null,null,811489497,6018
756,chunk-exploded,null,null,812587072,6026
757,chunk-exploded,null,null,813684647,6034
758,chunk-exploded,null,null,814782222,6042
759,chunk-exploded,null,null,815879797,6050
760,chunk-exploded,null,null,816977372,6058
761,chunk-exploded,null,null,818074947,6066
762,chunk-exploded,null,null,819172522,6074
763,chunk-exploded,null,null,820270097,6082
764,chunk-exploded,null,null,821367672,6090
765,chunk-exploded,null,null,822465247,6098
766,chunk-exploded,null,null,823562822,6106
767,chunk-exploded,null,null,824660397,6114
768,chunk-exploded,null,null,825757972,6122
769,chunk-exploded,null,null,826855547,6130
770,chunk-exploded,null,null,827953122,6138
771,chunk-exploded,null,null,829050697,6146
772,chunk-exploded,null,null,830148272,6154
773,chunk-exploded,null,null,831245847,6162
774,chunk-exploded,null,null,832343422,6170
775,chunk-exploded,null,null,833440997,6178
776,chunk-exploded,null,null,834538572,6186
777,chunk-exploded,null,null,835636147,6194
778,chunk-exploded,null,null,836733722,6202
779,chunk-exploded,null,null,837831297,6210
780,chunk-exploded,null,null,838928872,6218
781,chunk-exploded,null,null,840026447,6226
782,chunk-exploded,null,null,841124022,6234
783,chunk-exploded,null,null,842221597,6242
784,chunk-exploded,null,null,843319172,6250
785,chunk-exploded,null,null,844416747,6258
786,chunk-exploded,null,null,845514322,6266
787,chunk-exploded,null,null,846611897,6274
788,chunk-exploded,null,null,847709472,6282
789,chunk-exploded,null,null,848807047,6290
790,chunk-exploded,null,null,849904622,6298
791,chunk-exploded,null,null,851002197,6306
792,chunk-exploded,null,null,852099772,6314
793,chunk-exploded,null,null,853197347,6322
794,chunk-exploded,null,null,854294922,6330
795,chunk-exploded,null,null,855392497,6338
796,chunk-exploded,null,null,856490072,6346
797,chunk-exploded,null,null,857587647,6354
798,chunk-exploded,null,null,858685222,6362
799,chunk-exploded,null,null,859782797,6370
800,chunk-exploded,null,null,860880372,6378
801,chunk-exploded,null,null,861977947,6386
802,chunk-exploded,null,null,863075522,6394
803,chunk-exploded,null,null,864173097,6402
804,chunk-exploded,null,null,865270672,6410
805,chunk-exploded,null,null,866368247,6418
806,chunk-exploded,null,null,867465822,6426
807,chunk-exploded,null,null,868563397,6434
808,chunk-exploded,null,null,869660972,6442
809,chunk-exploded,null,null,870758547,6450
810,chunk-exploded,null,null,871856122,6458
811,chunk-exploded,null,null,872953697,6466
812,chunk-exploded,null,null,874051272,6474
813,chunk-exploded,null,null,875148847,6482
814,chunk-exploded,null,null,876246422,6490
815,chunk-exploded,null,null,877343997,6498
816,chunk-exploded,null,null,878441572,6506
817,chunk-exploded,null,null,879539147,6514
818,chunk-exploded,null,null,880636722,6522
819,chunk-exploded,null,null,881734297,6530
820,chunk-exploded,null,null,882831872,6538
821,chunk-exploded,null,null,883929447,6546
822,chunk-exploded,null,null,885027022,6554
823,chunk-exploded,null,null,886124597,6562
824,chunk-exploded,null,null,887222172,6570
825,chunk-exploded,null,null,888319747,6578
826,chunk-exploded,null,null,889417322,6586
827,chunk-exploded,null,null,890514897,6594
828,chunk-exploded,null,null,891612472,6602
829,chunk-exploded,null,null,892710047,6610
830,chunk-exploded,null,null,893807622,6618
831,chunk-exploded,null,null,894905197,6626
832,chunk-exploded,null,null,896002772,6634
833,chunk-exploded,null,null,897100347,6642
834,chunk-exploded,null,null,898197922,6650
835,chunk-exploded,null,null,899295497,6658
836,chunk-exploded,null,null,900393072,6666
837,chunk-exploded,null,null,901490647,6674
838,chunk-exploded,null,null,902588222,6682
839,chunk-exploded,null,null,903685797,6690
840,chunk-exploded,null,null,904783372,6698
841,chunk-exploded,null,null,905880947,6706
842,chunk-exploded,null,null,906978522,6714
843,chunk-exploded,null,null,908076097,6722
844,chunk-exploded,null,null,909173672,6730
845,chunk-exploded,null,null,910271247,6738
846,chunk-exploded,null,null,911368822,6746
847,chunk-exploded,null,null,912466397,6754
848,chunk-exploded,null,null,913563972,6762
849,chunk-exploded,null,null,914661547,6770
850,chunk-exploded,null,null,915759122,6778
851,chunk-exploded,null,null,916856697,6786
852,chunk-exploded,null,null,917954272,6794
853,chunk-exploded,null,null,919051847,6802
854,chunk-exploded,null,null,920149422,6810
855,chunk-exploded,null,null,921246997,6818
856,chunk-exploded,null,null,922344572,6826
857,chunk-exploded,null,null,923442147,6834
858,chunk-exploded,null,null,924539722,6842
859,chunk-exploded,null,null,925637297,6850
860,chunk-exploded,null,null,926734872,6858
861,chunk-exploded,null,null,927832447,6866
862,chunk-exploded,null,null,928930022,6874
863,chunk-exploded,null,null,930027597,6882
864,chunk-exploded,null,null,931125172,6890
865,chunk-exploded,null,null,932222747,6898
866,chunk-exploded,null,null,933320322,6906
867,chunk-exploded,null,null,934417897,6914
868,chunk-exploded,null,null,935515472,6922
869,chunk-exploded,null,null,936613047,6930
870,chunk-exploded,null,null,937710622,6938
871,chunk-exploded,null,null,938808197,6946
872,chunk-exploded,null,null,939905772,6954
873,chunk-exploded,null,null,941003347,6962
874,chunk-exploded,null,null,942100922,6970
875,chunk-exploded,null,null,943198497,6978
876,chunk-exploded,null,null,944296072,6986
877,chunk-exploded,null,null,945393647,6994
878,chunk-exploded,null,null,946491222,7002
879,chunk-exploded,null,null,947588797,7010
880,chunk-exploded,null,null,948686372,7018
881,chunk-exploded,null,null,949783947,7026
882,chunk-exploded,null,null,950881522,7034
883,chunk-exploded,null,null,951979097,7042
884,chunk-exploded,null,null,953076672,7050
885,chunk-exploded,null,null,954174247,7058
886,chunk-exploded,null,null,955271822,7066
887,chunk-exploded,null,null,956369397,7074
888,chunk-exploded,null,null,957466972,7082
889,chunk-exploded,null,null,958564547,7090
890,chunk-exploded,null,null,959662122,7098
891,chunk-exploded,null,null,960759697,7106
892,chunk-exploded,null,null,961857272,7114
893,chunk-exploded,null,null,962954847,7122
894,chunk-exploded,null,null,964052422,7130
895,chunk-exploded,null,null,965149997,7138
896,chunk-exploded,null,null,966247572,7146
897,chunk-exploded,null,null,967345147,7154
898,chunk-exploded,null,null,968442722,7162
899,chunk-exploded,null,null,969540297,7170
900,chunk-exploded,null,null,970637872,7178
901,chunk-exploded,null,null,971735447,7186
902,chunk-exploded,null,null,972833022,7194
903,chunk-exploded,null,null,973930597,7202
904,chunk-exploded,null,null,975028172,7210
905,chunk-exploded,null,null,976125747,7218
906,chunk-exploded,null,null,977223322,7226
907,chunk-exploded,null,null,978320897,7234
908,chunk-exploded,null,null,979418472,7242
909,chunk-exploded,null,null,980253903,7249
910,chunk-exploded,null,null,981351478,7257
911,chunk-exploded,null,null,982449053,7265
912,chunk-exploded,null,null,983546628,7273
913,chunk-exploded,null,null,984644203,7281
914,chunk-exploded,null,null,985741778,7289
915,chunk-exploded,null,null,986839353,7297
916,chunk-exploded,null,null,987936928,7305
917,chunk-exploded,null,null,989034503,7313
918,chunk-exploded,null,null,990132078,7321
919,chunk-exploded,null,null,991229653,7329
920,chunk-exploded,null,null,992327228,7337
921,chunk-exploded,null,null,993424803,7345
922,chunk-exploded,null,null,994522378,7353
923,chunk-exploded,null,null,995619953,7361
924,chunk-exploded,null,null,996717528,7369
925,chunk-exploded,null,null,997815103,7377
926,chunk-exploded,null,null,998912678,7385
927,chunk-exploded,null,null,1000010253,7393
928,chunk-exploded,null,null,1001107828,7401
929,chunk-exploded,null,null,1001943259,7408
930,chunk-exploded,null,null,1003040834,7416
931,chunk-exploded,null,null,1004138409,7424
932,chunk-exploded,null,null,1005235984,7432
933,chunk-exploded,null,null,1006333559,7440
934,chunk-exploded,null,null,1007431134,7448
935,chunk-exploded,null,null,1008528709,7456
936,chunk-exploded,null,null,1009626284,7464
937,chunk-exploded,null,null,1010723859,7472
938,chunk-exploded,null,null,1011821434,7480
939,chunk-exploded,null,null,1012919009,7488
940,chunk-exploded,null,null,1014016584,7496
941,chunk-exploded,null,null,1015114159,7504
942,chunk-exploded,null,null,1016211734,7512
943,chunk-exploded,null,null,1017309309,7520
944,chunk-exploded,null,null,1018406884,7528
945,chunk-exploded,null,null,1019504459,7536
946,chunk-exploded,null,null,1020602034,7544
947,chunk-exploded,null,null,1021699609,7552
948,chunk-exploded,null,null,1022797184,7560
949,chunk-exploded,null,null,1023894759,7568
950,chunk-exploded,null,null,1024992334,7576
951,chunk-exploded,null,null,1026089909,7584
952,chunk-exploded,null,null,1027187484,7592
953,chunk-exploded,null,null,1028285059,7600
954,chunk-exploded,null,null,1029382634,7608
955,chunk-exploded,null,null,1030480209,7616
956,chunk-exploded,null,null,1031577784,7624
957,chunk-exploded,null,null,1032413215,7631
958,chunk-exploded,null,null,1033510790,7639
959,chunk-exploded,null,null,1034608365,7647
960,chunk-exploded,null,null,1035705940,7655
961,chunk-exploded,null,null,1036803515,7663
962,chunk-exploded,null,null,1037901090,7671
963,chunk-exploded,null,null,1038998665,7679
964,chunk-exploded,null,null,1040096240,7687
965,chunk-exploded,null,null,1041193815,7695
966,chunk-exploded,null,null,1042291390,7703
967,chunk-exploded,null,null,1043388965,7711
968,chunk-exploded,null,null,1044486540,7719
969,chunk-exploded,null,null,1045584115,7727
970,chunk-exploded,null,null,1046681690,7735
971,chunk-exploded,null,null,1047779265,7743
972,chunk-exploded,null,null,1048876840,7751
973,chunk-exploded,null,null,1049974415,7759
974,chunk-exploded,null,null,1051071990,7767
975,chunk-exploded,null,null,1052169565,7775
976,chunk-exploded,null,null,1053267140,7783
977,chunk-exploded,null,null,1054364715,7791
978,chunk-exploded,null,null,1055462290,7799
979,chunk-exploded,null,null,1056559865,7807
980,chunk-exploded,null,null,1057657440,7815
981,chunk-exploded,null,null,1058755015,7823
982,chunk-exploded,null,null,1059852590,7831
983,chunk-exploded,null,null,1060950165,7839
984,chunk-exploded,null,null,1062047740,7847
985,chunk-exploded,null,null,1063145315,7855
986,chunk-exploded,null,null,1064242890,7863
987,chunk-exploded,null,null,1065340465,7871
988,chunk-exploded,null,null,1066438040,7879
989,chunk-exploded,null,null,1067535615,7887
990,chunk-exploded,null,null,1068633190,7895
991,chunk-exploded,null,null,1069730765,7903
992,chunk-exploded,null,null,1070828340,7911
993,chunk-exploded,null,null,1071925915,7919
994,chunk-exploded,null,null,1073023490,7927
995,chunk-exploded,null,null,1074121065,7935
996,chunk-exploded,null,null,1075218640,7943
997,chunk-exploded,null,null,1076316215,7951
998,chunk-exploded,null,null,1077413790,7959
999,chunk-exploded,null,null,1078511365,7967
1000,chunk-exploded,404,105168744,1079608941,7975
